기준년월,	HSK품목코드,	수출입구분코드,	수산물수출입품목명,	HSK품목대분류,	HSK품목중분류,	HSK품목소분류,	수출입구분명,	당월 수출입중량,	당월 수출입미화금액,	당해 누계 수출입중량,	당해 누계 수출입미화금액,	데이터기준일자	
'201805','0106903010','E','갯지렁이','0106','90','3010','수출','51','2534','203','9972','2018-06-30'
'201805','0301190000','E','기타(활어)(민물의 것)','0301','19','0000','수출','0','0','10','2750','2018-06-30'
'201805','0301929090','E','뱀장어(앵궐라종)','0301','92','9090','수출','0','0','10','944','2018-06-30'
'201805','0301992000','E','방어(활어)','0301','99','2000','수출','0','0','20','479','2018-06-30'
'201805','0301994010','E','돔(양식용 치어)','0301','99','4010','수출','20','915','20','915','2018-06-30'
'201805','0301994090','E','돔(기타)','0301','99','4090','수출','322','6053','1338','24824','2018-06-30'
'201805','0301995000','E','붕장어(활어)','0301','99','5000','수출','136005','1867506','696088','9591367','2018-06-30'
'201805','0301996000','E','갯장어(sharp toothed eel/활어)','0301','99','6000','수출','3646','109973','7830','166334','2018-06-30'
'201805','0301998000','E','넙치(활어)','0301','99','8000','수출','169526','3025061','888577','15619869','2018-06-30'
'201805','0301999020','E','복어(활어)','0301','99','9020','수출','0','0','446','12895','2018-06-30'
'201805','0301999040','E','볼락(적어포함/활어)','0301','99','9040','수출','72','2080','7612','72748','2018-06-30'
'201805','0301999060','E','숭어(활어)','0301','99','9060','수출','5','126','11905','162469','2018-06-30'
'201805','0301999070','E','미꾸라지(활어)','0301','99','9070','수출','154','3268','664','11696','2018-06-30'
'201805','0301999095','E','민어(활어)','0301','99','9095','수출','0','0','3','49','2018-06-30'
'201805','0301999099','E','기타어류(활어)','0301','99','9099','수출','287','52852','22608','143155','2018-06-30'
'201805','0302111000','E','송어(살모 트루타옹코링쿠스(미키스클라키아구아보니타길래))','0302','11','1000','수출','0','0','252','6937','2018-06-30'
'201805','0302140000','E','대서양 연어(신선 또는 냉장)(살모 살라) 및 다뉴브 연어(후코 후코)','0302','14','0000','수출','975','21695','4038','87664','2018-06-30'
'201805','0302190000','E','연어(송어태평양연어 기타/간장어란/신선냉장어육제외)','0302','19','0000','수출','77','1246','403','5960','2018-06-30'
'201805','0302210000','E','넙치(간장 어란제외/신선 냉장/피레트 어육제외)','0302','21','0000','수출','128644','631298','258795','2285106','2018-06-30'
'201805','0302220000','E','가자미(간장 어란제외/신선 냉장/피레트어육제외)','0302','22','0000','수출','4380','7768','14020','32386','2018-06-30'
'201805','0302290000','E','기타 넙치류(간장 어란제외/신선 냉장/피레트 어육제외)','0302','29','0000','수출','1104','14764','12530','96138','2018-06-30'
'201805','0302352000','E','태평양 참다랑어(신선 또는 냉장)(터너스 오리엔탈리스)','0302','35','2000','수출','0','0','4027','21764','2018-06-30'
'201805','0302360000','E','남방참다랑어(터너스 맥코이/신선냉장)','0302','36','0000','수출','0','0','8151','53634','2018-06-30'
'201805','0302390000','E','기타(신선냉장)','0302','39','0000','수출','0','0','316384','1895493','2018-06-30'
'201805','0302410000','E','청어(신선 또는 냉장)(클루페아 하렌구스클루페아 팔라시)','0302','41','0000','수출','18240','8927','205206','93958','2018-06-30'
'201805','0302420000','E','멸치(신선 또는 냉장)(엔그라울리스종)','0302','42','0000','수출','30','323','65','749','2018-06-30'
'201805','0302430000','E','정어리(신선 또는 냉장)(사르디나 필차르두스사르디노프스종)','0302','43','0000','수출','0','0','870','696','2018-06-30'
'201805','0302440000','E','고등어(신선 또는 냉장)(스콤버-스콤브루스오스트랄시쿠스자포니쿠스))','0302','44','0000','수출','1329','13501','4706','44852','2018-06-30'
'201805','0302491000','E','삼치[스콤버로모러스(Scomberomorus)종]','0302','49','1000','수출','13907','85254','237550','1454685','2018-06-30'
'201805','0302492000','E','병어[팜푸스(Pampus)종]','0302','49','2000','수출','140','4322','1212','46336','2018-06-30'
'201805','0302499000','E','기타','0302','49','9000','수출','0','0','53','258','2018-06-30'
'201805','0302510000','E','대구(신선 또는 냉장)(가두스 모르화가두스 오각가두스 마크로세팔루스)','0302','51','0000','수출','0','0','3','56','2018-06-30'
'201805','0302550000','E','명태(신선 또는 냉장)(테라그라 찰코그라마)','0302','55','0000','수출','0','0','660','1263','2018-06-30'
'201805','0302740000','E','뱀장어(신선 또는 냉장)(앵귈라종)','0302','74','0000','수출','630','1438','630','1438','2018-06-30'
'201805','0302790000','E','기타(신선 또는 냉장)(틸라피아메기잉어뱀장어 외 기타)','0302','79','0000','수출','0','0','8','515','2018-06-30'
'201805','0302820000','E','가오리와 홍어(라지대과)(신선 또는 냉장)','0302','82','0000','수출','1725','2242','1750','2852','2018-06-30'
'201805','0302830000','E','이빨고기(신선 또는 냉장)(디소스티쿠스종)','0302','83','0000','수출','0','0','39','1529','2018-06-30'
'201805','0302840000','E','농어(냉동)(디센트라르쿠스종)','0302','84','0000','수출','390','1108','750','6508','2018-06-30'
'201805','0302850000','E','돔(신선 또는 냉장)(스파리대과)','0302','85','0000','수출','35808','68361','36845','75221','2018-06-30'
'201805','0302891000','E','방어(신선 또는 냉장)','0302','89','1000','수출','252','1733','14695','58003','2018-06-30'
'201805','0302892000','E','갈치(신선 또는 냉장)','0302','89','2000','수출','47','1777','440','15529','2018-06-30'
'201805','0302893000','E','붕장어(신선 또는 냉장)','0302','89','3000','수출','32','1948','204','12744','2018-06-30'
'201805','0302895000','E','꽁치(신선 또는 냉장)(학꽁치를 포함한다)','0302','89','5000','수출','1699','9282','90641','489048','2018-06-30'
'201805','0302896000','E','돔(신선 또는 냉장)(스파리대과를 제외한다)','0302','89','6000','수출','4045','7935','4527','20423','2018-06-30'
'201805','0302899020','E','복어(신선 또는 냉장)','0302','89','9020','수출','0','0','3503','95825','2018-06-30'
'201805','0302899040','E','아귀(신선 또는 냉장)','0302','89','9040','수출','500','1586','247187','1024686','2018-06-30'
'201805','0302899090','E','기타(신선 또는 냉장)(삼치복어병어아귀 외 기타)','0302','89','9090','수출','59234','1396821','332253','7933379','2018-06-30'
'201805','0302912000','E','어란(魚卵)ㆍ어백(魚白)','0302','91','2000','수출','0','0','10','113','2018-06-30'
'201805','0303120000','E','그 밖의 태평양 연어(옹코링쿠스 고르부스카옹코링쿠스 케타옹코링쿠스 차비차옹코링쿠스 키수츠옹코링쿠스 마소옹코링쿠스 로두루스)','0303','12','0000','수출','100630','512348','206141','1041694','2018-06-30'
'201805','0303130000','E','대서양연어(냉동)(살모 살라)와 다뉴브연어(후코 후코)','0303','13','0000','수출','0','0','1700','7950','2018-06-30'
'201805','0303140000','E','송어(살모 트루타옹코링쿠스-미키스클라키아구아보니타길래아파케크리소가스터)','0303','14','0000','수출','0','0','59540','65429','2018-06-30'
'201805','0303260000','E','뱀장어(냉동)(앵귈라종)','0303','26','0000','수출','250','11386','24990','32852','2018-06-30'
'201805','0303290000','E','연어(송어 대서양연어 등 이외 기타/냉동/피레트 어육제외)','0303','29','0000','수출','0','0','205','3423','2018-06-30'
'201805','0303310000','E','넙치[레인하드티우스 히포글러소이데스히포글러서스 히포글러서스히포글러서스 스테노레피스)','0303','31','0000','수출','32064','234232','235168','1491634','2018-06-30'
'201805','0303320000','E','가자미(플루로넥테스 플라테사)','0303','32','0000','수출','365466','619853','498250','860468','2018-06-30'
'201805','0303330000','E','서대(간장 어란제외/냉동/피레트 어육제외)','0303','33','0000','수출','0','0','240','1196','2018-06-30'
'201805','0303390000','E','넙치류(간장 어란제외/냉동/피레트 어육제외)','0303','39','0000','수출','152117','485857','641960','4038538','2018-06-30'
'201805','0303410000','E','날개다랑어 또는 긴지느러미다랑어(터너스알라룽가/냉동)','0303','41','0000','수출','25100','74236','234879','721230','2018-06-30'
'201805','0303420000','E','황다랑어(터너스 알바카레스/냉동)','0303','42','0000','수출','3201727','7989560','13712876','33937807','2018-06-30'
'201805','0303430000','E','가다랑어 또는 줄무늬버니토우(냉동)','0303','43','0000','수출','12114841','18226822','65680585','86427647','2018-06-30'
'201805','0303440000','E','눈다랑어(냉동)','0303','44','0000','수출','734617','2830420','2614850','10244030','2018-06-30'
'201805','0303451000','E','대서양 참다랑어(냉동)(터너스 티너스)','0303','45','1000','수출','38567','801238','156475','3425903','2018-06-30'
'201805','0303452000','E','태평양 참다랑어(냉동)(터너스 오리엔탈리스)','0303','45','2000','수출','0','0','70900','295441','2018-06-30'
'201805','0303460000','E','남방참다랑어(터너스맥코이/냉동)','0303','46','0000','수출','71785','1127944','376484','4934643','2018-06-30'
'201805','0303490000','E','기타(냉동)','0303','49','0000','수출','0','0','153408','199893','2018-06-30'
'201805','0303510000','E','청어(클루페아 하렌구스클루페아 팔라시)','0303','51','0000','수출','1359279','882508','2134186','1334604','2018-06-30'
'201805','0303530000','E','정어리(냉동)(사르디나 필차르두스사르디노프스종)','0303','53','0000','수출','162092','147732','1225871','989366','2018-06-30'
'201805','0303540000','E','고등어(스콤버 스콤브루스스콤버 오스트랄라시쿠스스콤버 자포니쿠스)','0303','54','0000','수출','1801292','1666502','21853388','19170727','2018-06-30'
'201805','0303550000','E','전갱이(냉동)(트라커러스종)','0303','55','0000','수출','90340','156222','775678','1250692','2018-06-30'
'201805','0303570000','E','황새치(자이피어스글래디어스)','0303','57','0000','수출','408174','2463402','1852801','11055604','2018-06-30'
'201805','0303591000','E','삼치[스콤버로모러스(Scomberomorus)종]','0303','59','1000','수출','214774','624910','3885950','14724337','2018-06-30'
'201805','0303592000','E','꽁치[콜로라비스 사이라(Cololabis saira)]','0303','59','2000','수출','635789','999414','1801962','2587735','2018-06-30'
'201805','0303599000','E','기타','0303','59','9000','수출','51351','106488','332405','884668','2018-06-30'
'201805','0303630000','E','대구(가두스 모르화가두스 오각가두스 마크로세팔루스)','0303','63','0000','수출','501815','2015029','2221692','9341003','2018-06-30'
'201805','0303660000','E','민대구(냉동)(메루키우스종 등 2종)','0303','66','0000','수출','0','0','450035','824324','2018-06-30'
'201805','0303670000','E','명태(냉동)(테라그라 찰코그라마)','0303','67','0000','수출','453778','679754','2639274','3841474','2018-06-30'
'201805','0303691000','E','새꼬리민태(냉동)','0303','69','1000','수출','0','0','27000','53140','2018-06-30'
'201805','0303699000','E','기타(냉동)(새꼬리민태 외 기타)','0303','69','9000','수출','0','0','1','30','2018-06-30'
'201805','0303810000','E','곱상어와 기타 상어(냉동)','0303','81','0000','수출','113081','62348','150305','90703','2018-06-30'
'201805','0303821000','E','가오리(냉동)','0303','82','1000','수출','5130','14640','5580','25675','2018-06-30'
'201805','0303822000','E','홍어(냉동)','0303','82','2000','수출','11416','13270','11991','25547','2018-06-30'
'201805','0303830000','E','이빨고기(냉동)(디소스티쿠스종)','0303','83','0000','수출','7000','174330','987782','26115350','2018-06-30'
'201805','0303840000','E','농어(신선 또는 냉장)(디센트라르쿠스종)','0303','84','0000','수출','7951','192778','30885','413156','2018-06-30'
'201805','0303891000','E','은대구(냉동)','0303','89','1000','수출','0','0','24','472','2018-06-30'
'201805','0303892000','E','갈치(냉동)','0303','89','2000','수출','50093','224519','402136','1162213','2018-06-30'
'201805','0303893010','E','옥돔(냉동)(브랜치오스테거스 자포니커스)','0303','89','3010','수출','4951','15964','5147','18889','2018-06-30'
'201805','0303893090','E','돔(냉동)(기타)','0303','89','3090','수출','8935','23781','116851','188502','2018-06-30'
'201805','0303894000','E','붕장어(냉동)','0303','89','4000','수출','3619','45791','19899','186144','2018-06-30'
'201805','0303895000','E','조기(냉동)','0303','89','5000','수출','1066','15866','11863','117677','2018-06-30'
'201805','0303896000','E','꽁치(냉동)(학꽁치를 포함한다)','0303','89','6000','수출','186135','342941','524602','1524756','2018-06-30'
'201805','0303899010','E','보리멸(냉동)','0303','89','9010','수출','7260','19000','59560','90094','2018-06-30'
'201805','0303899030','E','달고기(냉동)','0303','89','9030','수출','15585','9101','132765','288225','2018-06-30'
'201805','0303899040','E','임연수어(냉동)','0303','89','9040','수출','199782','589215','1179571','3516460','2018-06-30'
'201805','0303899050','E','볼낙(냉동)(적어를 포함한다)','0303','89','9050','수출','144285','279541','516838','899355','2018-06-30'
'201805','0303899060','E','아귀(냉동)','0303','89','9060','수출','86179','92850','128725','255439','2018-06-30'
'201805','0303899070','E','먹장어(냉동)(대서양 또는 태평양)','0303','89','9070','수출','300','2929','14268','77480','2018-06-30'
'201805','0303899091','E','민어(냉동)','0303','89','9091','수출','15223','38536','100973','268119','2018-06-30'
'201805','0303899092','E','까나리(냉동)','0303','89','9092','수출','0','0','4836','34906','2018-06-30'
'201805','0303899099','E','기타어류(냉동)','0303','89','9099','수출','716216','1853623','7832316','13793098','2018-06-30'
'201805','0303912010','E','명란','0303','91','2010','수출','310508','1657686','1822444','12536102','2018-06-30'
'201805','0303912090','E','기타','0303','91','2090','수출','78054','265806','111036','377051','2018-06-30'
'201805','0303990000','E','기타','0303','99','0000','수출','87934','204198','484597','1145414','2018-06-30'
'201805','0304390000','E','기타(신선 또는 냉장한 피레트)','0304','39','0000','수출','235','8998','638','19501','2018-06-30'
'201805','0304431000','E','가자미(신선 또는 냉장한 피레트)','0304','43','1000','수출','0','0','100','1788','2018-06-30'
'201805','0304439000','E','넙치류 기타(신선 또는 냉장)','0304','43','9000','수출','0','0','2068','3390','2018-06-30'
'201805','0304482000','E','홍어','0304','48','2000','수출','12','521','60','545','2018-06-30'
'201805','0304491000','E','붕장어(신선 또는 냉장한 피레트)','0304','49','1000','수출','75887','1250808','396836','5993810','2018-06-30'
'201805','0304499000','E','기타(신선 또는 냉장한 피레트)','0304','49','9000','수출','0','0','678','2921','2018-06-30'
'201805','0304519000','E','틸라피아메기잉어뱀장어나일퍼치 종의 기타(기타신선 또는 냉장한 것)','0304','51','9000','수출','162','4497','751','18381','2018-06-30'
'201805','0304591010','E','붕장어 연육(기타신선 또는 냉장한 것)','0304','59','1010','수출','0','0','4','31','2018-06-30'
'201805','0304593090','E','참다랑어 기타(기타신선 또는 냉장한 것)','0304','59','3090','수출','60','3885','230','14069','2018-06-30'
'201805','0304610000','E','틸라피아(냉동한 피레트)(오레오크로미스종)','0304','61','0000','수출','0','0','200','2337','2018-06-30'
'201805','0304740000','E','민대구(냉동한 피레트)(메루키우스종ㆍ유르피키스종)','0304','74','0000','수출','48','589','48','589','2018-06-30'
'201805','0304750000','E','명태(냉동한 피레트)(테라그라 찰코그라마)','0304','75','0000','수출','528','4208','32965','102858','2018-06-30'
'201805','0304790000','E','브레그마세로티대과외6종무리에놀레피디대과어류의(냉동한피레트)','0304','79','0000','수출','10000','82189','30045','252445','2018-06-30'
'201805','0304810000','E','태평양 연어(옹코링쿠스 -넬카고르부스카케타차비차키수츠마소로두루스) 대서양 연어(살모 살라)다뉴브 연어(후코 후코))','0304','81','0000','수출','45','1507','45','1507','2018-06-30'
'201805','0304831000','E','가자미(냉동한 피레트)','0304','83','1000','수출','10822','64122','26831','156851','2018-06-30'
'201805','0304839000','E','넙치류 기타(냉동한 피레트)','0304','83','9000','수출','19','857','1504','46326','2018-06-30'
'201805','0304840000','E','황새치(냉동한 피레트)(자이피어스 글래디어스)','0304','84','0000','수출','137004','1000232','532642','3792081','2018-06-30'
'201805','0304860000','E','청어(냉동한 피레트)(클루페아 하렌구스 /클루페아팔라시)','0304','86','0000','수출','42863','55383','42863','55383','2018-06-30'
'201805','0304871000','E','참다랑어(냉동한 피레트)','0304','87','1000','수출','99299','2518951','606902','15693514','2018-06-30'
'201805','0304879000','E','다랑어 기타(냉동한 피레트)','0304','87','9000','수출','1728150','19786409','7727914','92798622','2018-06-30'
'201805','0304891000','E','붕장어의 것(냉동한 피레트)','0304','89','1000','수출','17744','266218','189044','2735699','2018-06-30'
'201805','0304899000','E','기타어류의 기타(냉동한 피레트)','0304','89','9000','수출','182405','1902269','937667','8932797','2018-06-30'
'201805','0304911000','E','황새치(냉동연육)','0304','91','1000','수출','0','0','80','222','2018-06-30'
'201805','0304941000','E','명태 냉동연육','0304','94','1000','수출','170240','621042','219320','774448','2018-06-30'
'201805','0304972090','E','기타','0304','97','2090','수출','45','4040','85','8080','2018-06-30'
'201805','0304991000','E','기타 냉동연육','0304','99','1000','수출','0','0','143400','290444','2018-06-30'
'201805','0304999000','E','기타 냉동연육 외 기타','0304','99','9000','수출','208315','709368','564061','2751748','2018-06-30'
'201805','0305100000','E','어류의 고운 가루ㆍ거친 가루와 펠릿(pellet)(식용에 적합한 것으로 한정한다)','0305','10','0000','수출','16','375','127','1942','2018-06-30'
'201805','0305202000','E','어란(건조)','0305','20','2000','수출','0','0','50','1019','2018-06-30'
'201805','0305204010','E','어란(명태/염장염수장)','0305','20','4010','수출','2605','51316','22751','385297','2018-06-30'
'201805','0305204030','E','어란(청어/염장염수장)','0305','20','4030','수출','180','2395','180','2395','2018-06-30'
'201805','0305204090','E','어란(명태 조기 청어이외 기타/염장 염수장)','0305','20','4090','수출','23','1117','1597','15897','2018-06-30'
'201805','0305312000','E','틸라피아메기잉어뱀장어나일퍼치 종의 염장.염수장한 것','0305','31','2000','수출','0','0','4','15','2018-06-30'
'201805','0305391000','E','기타어류의 피레트(건조한것)','0305','39','1000','수출','34','1200','91','3186','2018-06-30'
'201805','0305392000','E','기타어류의 피레트(염장 또는 염수장한 것)','0305','39','2000','수출','620','6254','5198','45213','2018-06-30'
'201805','0305410000','E','태평양 연어(옹코링쿠스- 넬카고르부스카케타차비차키수츠마소로두루스) 대서양 연어(살모 살라) 다뉴브 연어(후코 후코))','0305','41','0000','수출','1604','30712','7561','144255','2018-06-30'
'201805','0305491000','E','멸치(훈제/피레트포함)','0305','49','1000','수출','3632','24611','5834','54243','2018-06-30'
'201805','0305492000','E','명태(훈제/피레트포함)','0305','49','2000','수출','0','0','5296','34617','2018-06-30'
'201805','0305499000','E','어류(연어 청어 멸치 명태이외 기타/훈제/피레트 포함)','0305','49','9000','수출','3','174','6476','64059','2018-06-30'
'201805','0305510000','E','대구(건조/염장불문/훈제제외)','0305','51','0000','수출','0','0','483','8523','2018-06-30'
'201805','0305541000','E','멸치[엔그라울리스(Engraulis)종]','0305','54','1000','수출','108129','1723861','467125','6915410','2018-06-30'
'201805','0305549000','E','기타','0305','54','9000','수출','5460','62351','11901','155557','2018-06-30'
'201805','0305593000','E','명태(건조/염장불문/훈제제외)','0305','59','3000','수출','24901','181848','93500','998889','2018-06-30'
'201805','0305594000','E','조기(건조/염장불문/훈제제외)','0305','59','4000','수출','800','19750','13364','214362','2018-06-30'
'201805','0305596000','E','갯장어(건조/염장불문/훈제제외)','0305','59','6000','수출','0','0','33','2260','2018-06-30'
'201805','0305599000','E','어류(대구상어지느러미멸치명태조기등외기타건조/훈제제외)','0305','59','9000','수출','32923','560254','96373','1516185','2018-06-30'
'201805','0305610000','E','청어(염장염수장)','0305','61','0000','수출','0','0','10000','19600','2018-06-30'
'201805','0305620000','E','대구(염장염수장)','0305','62','0000','수출','0','0','400','921','2018-06-30'
'201805','0305631000','E','멸치젓(염장염수장)','0305','63','1000','수출','596','1161','19880','44334','2018-06-30'
'201805','0305639000','E','멸치(멸치젓 이외 기타/염장 염수장)','0305','63','9000','수출','0','0','1700','13899','2018-06-30'
'201805','0305693000','E','갈치(염장염수장)','0305','69','3000','수출','896','9434','2959','30968','2018-06-30'
'201805','0305695000','E','고등어(염장염수장)','0305','69','5000','수출','9239','88583','46232','407989','2018-06-30'
'201805','0305696000','E','조기(염장염수장)','0305','69','6000','수출','110','1947','150','2321','2018-06-30'
'201805','0305698000','E','꽁치(학꽁치 포함/염장 염수장)','0305','69','8000','수출','30','255','287','2988','2018-06-30'
'201805','0305699000','E','어류(청어대구연어송어갈치정어리고등어 등 이외)','0305','69','9000','수출','1434','6440','15534','113768','2018-06-30'
'201805','0305712000','E','상어 지느러미(건조한 것)','0305','71','2000','수출','3961','78835','22056','484314','2018-06-30'
'201805','0305721000','E','대구(가두스 모르화가두스 오각가두스 마크로세팔루스)의 것 (어류의 머리 꼬리 위)','0305','72','1000','수출','200','985','200','985','2018-06-30'
'201805','0305790000','E','기타 어류의 머리 꼬리','0305','79','0000','수출','1702','16035','13475','148709','2018-06-30'
'201805','0306119000','E','닭새우류(팔리누루스종 파누리루스종 자수스종)(냉동한것)(기타)','0306','11','9000','수출','24000','8387','48070','17877','2018-06-30'
'201805','0306129000','E','바닷가재(호마루스종)(냉동한 것) 훈제한 것(기타)','0306','12','9000','수출','26904','411796','27449','422560','2018-06-30'
'201805','0306141011','E','게살(냉동한 것) 훈제한 것(밀폐용기에 넣은 것)','0306','14','1011','수출','50','805','1193','37284','2018-06-30'
'201805','0306141090','E','게살(냉동한 것) 훈제한 것(기타)','0306','14','1090','수출','0','0','14865','131169','2018-06-30'
'201805','0306142090','E','왕게(냉동한 것) 기타','0306','14','2090','수출','15113','527265','70106','1927890','2018-06-30'
'201805','0306143090','E','꽃게(냉동한 것) 기타','0306','14','3090','수출','20011','333397','121204','553929','2018-06-30'
'201805','0306149090','E','갑각류 기타(냉동한 것)(훈제한것 외 기타)','0306','14','9090','수출','240481','1500696','1046183','9225626','2018-06-30'
'201805','0306159000','E','노르웨이 바닷가재(네프로프스 노르베지쿠스)(냉동한 것)(기타)','0306','15','9000','수출','0','0','8','4','2018-06-30'
'201805','0306161090','E','냉수성 새우류(판달러스종크란곤 크란곤)의 새우살(냉동한 것)(훈제한 것 외 기타)','0306','16','1090','수출','0','0','383','1571','2018-06-30'
'201805','0306169090','E','냉수성 새우류(판달러스종크란곤 크란곤)기타(냉동한 것)(훈제한 것)','0306','16','9090','수출','10776','116808','57389','627273','2018-06-30'
'201805','0306171090','E','기타의 새우류의 새우살(냉동한 것)(훈제한 것 외 기타)','0306','17','1090','수출','824714','473783','1080175','643942','2018-06-30'
'201805','0306179090','E','기타의 새우류의 기타(냉동한 것)(훈제한 것 외 기타)','0306','17','9090','수출','530040','239262','1326615','1008609','2018-06-30'
'201805','0306199000','E','기타[분ㆍ조분 및 펠리트를 포함(식용에 적합)](냉동한 것)(훈제한 것 외 기타)','0306','19','9000','수출','1492','28553','4230','63670','2018-06-30'
'201805','0306331000','E','꽃게','0306','33','1000','수출','18201','193689','19781','220217','2018-06-30'
'201805','0306332000','E','대게','0306','33','2000','수출','8921','264185','109479','2840503','2018-06-30'
'201805','0306339000','E','게(기타)','0306','33','9000','수출','194083','10870790','793050','37044928','2018-06-30'
'201805','0306360000','E','그 밖의 새우류','0306','36','0000','수출','588','20858','819','29071','2018-06-30'
'201805','0306390000','E','기타[식용에 적합한 것으로서 고운 가루ㆍ거친 가루와 펠릿(pellet)을 포함한다]','0306','39','0000','수출','0','0','16','556','2018-06-30'
'201805','0306912000','E','건조한 것','0306','91','2000','수출','0','0','240','5941','2018-06-30'
'201805','0306913000','E','염장이나 염수장한 것','0306','91','3000','수출','220','1122','1420','9786','2018-06-30'
'201805','0306934011','E','밀폐용기에 넣은 것(게살)','0306','93','4011','수출','0','0','298','7140','2018-06-30'
'201805','0306934090','E','기타','0306','93','4090','수출','0','0','819','2253','2018-06-30'
'201805','0306951020','E','건조한 것','0306','95','1020','수출','250','6801','250','6801','2018-06-30'
'201805','0306959020','E','건조한 것','0306','95','9020','수출','315','6670','6158','87280','2018-06-30'
'201805','0306959030','E','염장이나 염수장한 것','0306','95','9030','수출','7440','53647','60068','304007','2018-06-30'
'201805','0306992000','E','건조한 것','0306','99','2000','수출','0','0','12','493','2018-06-30'
'201805','0307111090','E','굴치패 종패용 외 기타(산 것  신선 또는 냉장한 것)','0307','11','1090','수출','0','0','40320','92422','2018-06-30'
'201805','0307119000','E','굴치패 기타(산 것 신선 또는 냉장한 것)','0307','11','9000','수출','201054','1029580','458380','2443468','2018-06-30'
'201805','0307120000','E','냉동한 것','0307','12','0000','수출','1090140','6643016','3620274','21799171','2018-06-30'
'201805','0307192000','E','기타 굴(건조한 것)','0307','19','2000','수출','0','0','90','1527','2018-06-30'
'201805','0307193000','E','기타 굴(염장 또는 염수장','0307','19','3000','수출','146','1992','1465','16254','2018-06-30'
'201805','0307194000','E','기타 굴(훈제한 것)','0307','19','4000','수출','0','0','5','39','2018-06-30'
'201805','0307210000','E','가리비과의 조개(산것/신선 냉장)','0307','21','0000','수출','0','0','96','2728','2018-06-30'
'201805','0307220000','E','냉동한 것','0307','22','0000','수출','23992','246898','115242','1174198','2018-06-30'
'201805','0307293000','E','가리비과의조개(염장염수장)','0307','29','3000','수출','0','0','1000','17301','2018-06-30'
'201805','0307310000','E','홍합(산것/신선냉장)','0307','31','0000','수출','500','969','500','969','2018-06-30'
'201805','0307320000','E','냉동한 것','0307','32','0000','수출','0','0','7490','25372','2018-06-30'
'201805','0307392000','E','홍합(건조)','0307','39','2000','수출','1620','6313','6629','40940','2018-06-30'
'201805','0307393000','E','홍합(훈제한 것)','0307','39','3000','수출','0','0','40','882','2018-06-30'
'201805','0307399000','E','홍합(산 것 신선 냉장 냉동 건조 이외 기타)','0307','39','9000','수출','180','582','3680','10367','2018-06-30'
'201805','0307421010','E','세피아 오피시날리스(Sepia officinalis)ㆍ로시아 마크로소마(Rossia macrosoma)ㆍ세피올라(Sepiola)종','0307','42','1010','수출','850','1668','913','2873','2018-06-30'
'201805','0307421090','E','기타','0307','42','1090','수출','9698','18867','10018','19558','2018-06-30'
'201805','0307422090','E','기타','0307','42','2090','수출','0','0','16','263','2018-06-30'
'201805','0307431090','E','기타','0307','43','1090','수출','600','4438','4135','32252','2018-06-30'
'201805','0307432010','E','옴마스트레페스(Ommastrephes)종ㆍ로리고(Loligo)종ㆍ노토토다루스(Nototodarus)종ㆍ세피오투디스(Sepioteuthis)종','0307','43','2010','수출','252295','770599','2487539','5794146','2018-06-30'
'201805','0307432090','E','기타','0307','43','2090','수출','152504','637026','978212','4099549','2018-06-30'
'201805','0307492010','E','갑오징어[세피아 오피시날리스(Sepia officinalis)ㆍ로시아 마크로소마(Rossia macrosoma)ㆍ세피올라(Sepiola)종]와 오징어[옴마스트레페스(Ommastrephes)종ㆍ로','0307','49','2010','수출','1130','9137','5659','45874','2018-06-30'
'201805','0307492090','E','기타','0307','49','2090','수출','1327','5746','3465','18934','2018-06-30'
'201805','0307493010','E','갑오징어[세피아 오피시날리스(Sepia officinalis)ㆍ로시아 마크로소마(Rossia macrosoma)ㆍ세피올라(Sepiola)종]와 오징어[옴마스트레페스(Ommastrephes)종ㆍ로','0307','49','3010','수출','515','21113','4722','199109','2018-06-30'
'201805','0307493090','E','기타','0307','49','3090','수출','2991','103736','17868','493324','2018-06-30'
'201805','0307494010','E','갑오징어(훈제한 것)','0307','49','4010','수출','0','0','150','3699','2018-06-30'
'201805','0307494090','E','기타','0307','49','4090','수출','0','0','550','10344','2018-06-30'
'201805','0307511000','E','낙지(산것/신선 냉장)','0307','51','1000','수출','1117','30478','5326','145316','2018-06-30'
'201805','0307512000','E','주꾸미(산것/신선 냉장)','0307','51','2000','수출','130','419','1230','3762','2018-06-30'
'201805','0307519000','E','기타문어(산것/신선 냉장)','0307','51','9000','수출','718','32218','2682','104963','2018-06-30'
'201805','0307521000','E','문어','0307','52','1000','수출','3763','21059','57258','366677','2018-06-30'
'201805','0307522000','E','낙지','0307','52','2000','수출','811','8285','6970','56472','2018-06-30'
'201805','0307523000','E','쭈꾸미','0307','52','3000','수출','877','6035','2291','21463','2018-06-30'
'201805','0307592000','E','문어(건조)','0307','59','2000','수출','1928','24660','11696','85722','2018-06-30'
'201805','0307599000','E','문어(산것 신선 냉장 냉동 건조 이외 기타)','0307','59','9000','수출','200','2325','4277','39847','2018-06-30'
'201805','0307711090','E','백합 기타(산 것 신선 또는 냉장한 것)','0307','71','1090','수출','86','964','192','2433','2018-06-30'
'201805','0307712090','E','피조개 기타(산 것  신선 또는 냉장한 것)','0307','71','2090','수출','1581628','2400149','3886260','7018193','2018-06-30'
'201805','0307714000','E','바지락(산 것 신선 또는 냉장한 것)','0307','71','4000','수출','718314','2297888','1060036','3328998','2018-06-30'
'201805','0307715000','E','개조개','0307','71','5000','수출','0','0','2','0','2018-06-30'
'201805','0307719000','E','클램 새조개 및 피조개 기타(산 것  신선 또는 냉장한 것)','0307','71','9000','수출','25687','292527','199735','2072030','2018-06-30'
'201805','0307723000','E','바지락','0307','72','3000','수출','76909','366029','325901','1306826','2018-06-30'
'201805','0307724000','E','피조개','0307','72','4000','수출','2265','51564','12022','241490','2018-06-30'
'201805','0307729000','E','기타','0307','72','9000','수출','1400','20316','46909','168912','2018-06-30'
'201805','0307793090','E','클램 새조개 및 피조개 기타(염장 또는 염수장한 것)','0307','79','3090','수출','80','840','200','2100','2018-06-30'
'201805','0307794090','E','새조개(훈제한 것)(기타)','0307','79','4090','수출','0','0','413','1555','2018-06-30'
'201805','0307810000','E','전복(산 것 신선 또는 냉장한 것)','0307','81','0000','수출','197130','4137743','682765','17408579','2018-06-30'
'201805','0307830000','E','냉동한 전복[할리오티스(Haliotis)종]','0307','83','0000','수출','1893','32731','6923','171685','2018-06-30'
'201805','0307871000','E','건조한 것','0307','87','1000','수출','10','1144','10','1144','2018-06-30'
'201805','0307911000','E','소라(산 것 신선 또는 냉장한 것)','0307','91','1000','수출','78510','269182','533575','1972491','2018-06-30'
'201805','0307912090','E','진주조개(기타)(산 것 신선 또는 냉장한 것)','0307','91','2090','수출','140','2704','383','6472','2018-06-30'
'201805','0307913000','E','개아지살(산 것 신선 또는 냉장한 것)','0307','91','3000','수출','7309','167564','38466','926221','2018-06-30'
'201805','0307919000','E','기타[분 조분 펠리트 포함(식용 적합)]의 기타(산신선냉장)','0307','91','9000','수출','1916','27424','46062','456480','2018-06-30'
'201805','0307921000','E','개아지살','0307','92','1000','수출','80','1585','84','1593','2018-06-30'
'201805','0307922000','E','소라','0307','92','2000','수출','0','0','101','1253','2018-06-30'
'201805','0307929000','E','기타','0307','92','9000','수출','11434','128585','62889','799505','2018-06-30'
'201805','0307993100','E','소라(염장 또는 염수장한 것','0307','99','3100','수출','0','0','98','1502','2018-06-30'
'201805','0307993900','E','기타[분 조분 펠리트 포함(식용에 적합)]의 기타(염장염수장)','0307','99','3900','수출','21467','21330','21516','22198','2018-06-30'
'201805','0307994900','E','기타[분 조분 펠리트를 포함(식용에 적합한)]의 기타(훈제한 것)','0307','99','4900','수출','2849','49846','8534','93103','2018-06-30'
'201805','0308110000','E','해삼(산 것 신선 또는 냉장한 것)','0308','11','0000','수출','1952','46077','17061','264572','2018-06-30'
'201805','0308120000','E','냉동한 것','0308','12','0000','수출','2670','318800','3529','332693','2018-06-30'
'201805','0308192000','E','해삼(건조한 것)','0308','19','2000','수출','2960','129839','4406','180930','2018-06-30'
'201805','0308193000','E','해삼(염장 또는 염수장한 것)','0308','19','3000','수출','2910','130708','4824','286153','2018-06-30'
'201805','0308210000','E','성게(산 것 신선 또는 냉장한 것)','0308','21','0000','수출','9','614','9','614','2018-06-30'
'201805','0308220000','E','냉동한 것','0308','22','0000','수출','0','0','1462','178342','2018-06-30'
'201805','0308293000','E','성게(염장 또는 염수장한 것)','0308','29','3000','수출','300','19986','18923','1564001','2018-06-30'
'201805','0308304000','E','해파리(염장 또는 염수장한 것)','0308','30','4000','수출','11765','25317','34648','152663','2018-06-30'
'201805','0308901011','E','우렁쉥이(종묘)(산 것  신선 또는 냉장한 것)','0308','90','1011','수출','0','0','40','1200','2018-06-30'
'201805','0308901019','E','우렁쉥이(기타)(산 것 신선 또는 냉장한 것)','0308','90','1019','수출','3671','43888','16058','193915','2018-06-30'
'201805','0308901090','E','수생무척추동물의 기타(산 것)','0308','90','1090','수출','133','3283','1149','27582','2018-06-30'
'201805','0308902010','E','우렁쉥이(냉동한 것)','0308','90','2010','수출','6775','95947','19646','213397','2018-06-30'
'201805','0308902090','E','수생무척추동물의 기타(냉동 한것)','0308','90','2090','수출','2073','11913','5182','37483','2018-06-30'
'201805','0308904000','E','수생무척추동물의 기타(염장 또는 염수장한 것)','0308','90','4000','수출','60','1230','160','3280','2018-06-30'
'201805','0508002010','E','진주패각','0508','00','2010','수출','98','3732','98','3732','2018-06-30'
'201805','0508002020','E','청패각(전복)','0508','00','2020','수출','0','0','94769','15287','2018-06-30'
'201805','0508002090','E','기타패각','0508','00','2090','수출','0','0','40840','21024','2018-06-30'
'201805','0508009000','E','연체동물갑각류극피동물','0508','00','9000','수출','54211','73519','419583','468706','2018-06-30'
'201805','0511911010','E','부화용알(브라인슈림프알)','0511','91','1010','수출','77','9917','1689','83911','2018-06-30'
'201805','0511912000','E','어류의웨이스트','0511','91','2000','수출','0','0','5728','15278','2018-06-30'
'201805','0511919000','E','어류갑각류연체동물수행동','0511','91','9000','수출','86609','250283','387256','1007162','2018-06-30'
'201805','1212211010','E','김(건조한 것)(식용의 것)','1212','21','1010','수출','1253313','28522042','4332677','94098868','2018-06-30'
'201805','1212211020','E','김(냉장한 것)(식용의 것)','1212','21','1020','수출','520','13950','520','13950','2018-06-30'
'201805','1212211030','E','김(냉동한 것)(식용의 것)','1212','21','1030','수출','1200','2275','1350','2583','2018-06-30'
'201805','1212211090','E','김(기타)(식용의 것)','1212','21','1090','수출','13365','262812','43371','1020380','2018-06-30'
'201805','1212212010','E','미역(건조한 것)(식용의 것)','1212','21','2010','수출','184924','2154569','775154','8891635','2018-06-30'
'201805','1212212020','E','미역(염장한 것)(식용의 것)','1212','21','2020','수출','240353','538306','9094911','5720737','2018-06-30'
'201805','1212212040','E','미역(냉동한 것)(식용의 것)','1212','21','2040','수출','367576','525031','2751046','3671406','2018-06-30'
'201805','1212212090','E','미역(기타)(식용의 것)','1212','21','2090','수출','615','2885','1898','15415','2018-06-30'
'201805','1212213010','E','톳(건조한 것)(식용의 것)','1212','21','3010','수출','87794','1431825','472073','7549209','2018-06-30'
'201805','1212213030','E','톳(냉동한 것)(식용의 것)','1212','21','3030','수출','320','2019','4014','11459','2018-06-30'
'201805','1212213090','E','톳(기타)(식용의 것)','1212','21','3090','수출','268','2045','10869','56669','2018-06-30'
'201805','1212214010','E','파래(건조한 것)(식용의 것)','1212','21','4010','수출','486','13483','1439','23912','2018-06-30'
'201805','1212214020','E','파래(냉장한 것)(식용의 것)','1212','21','4020','수출','0','0','1030','2389','2018-06-30'
'201805','1212214030','E','냉동한 것','1212','21','4030','수출','486','1649','2244','10002','2018-06-30'
'201805','1212214090','E','파래(기타)(식용의 것)','1212','21','4090','수출','9094','166886','43911','1029266','2018-06-30'
'201805','1212215010','E','다시마(염장한 것)(식용의 것)','1212','21','5010','수출','39182','64210','149223','276836','2018-06-30'
'201805','1212215030','E','다시마(냉동한 것)(식용의 것)','1212','21','5030','수출','378','2101','9501','21223','2018-06-30'
'201805','1212215090','E','다시마(기타)(식용의 것)','1212','21','5090','수출','25717','250357','163189','1508562','2018-06-30'
'201805','1212216010','E','우뭇가사리(냉동)(식용의 것)','1212','21','6010','수출','0','0','9126','17445','2018-06-30'
'201805','1212216090','E','우뭇가사리(기타)(식용의 것)','1212','21','6090','수출','46790','607542','75580','1117514','2018-06-30'
'201805','1212217029','E','기타','1212','21','7029','수출','10','299','10','299','2018-06-30'
'201805','1212219019','E','코토니 및 스피노잠(기타)(식용의 것)','1212','21','9019','수출','0','0','3000','13684','2018-06-30'
'201805','1212219091','E','해초류와 기타조류 기타(냉동)(식용의 것)','1212','21','9091','수출','96044','177006','305339','518829','2018-06-30'
'201805','1212219099','E','해초류와 기타조류 기타(기타)(식용의 것)','1212','21','9099','수출','7217','64446','134728','1042608','2018-06-30'
'201805','1212291090','E','김(기타)','1212','29','1090','수출','1920','52350','4044','81547','2018-06-30'
'201805','1212292010','E','미역(냉동한 것)','1212','29','2010','수출','0','0','162','1156','2018-06-30'
'201805','1212292090','E','미역(기타)','1212','29','2090','수출','0','0','6408','90666','2018-06-30'
'201805','1212294010','E','파래(냉동한 것)','1212','29','4010','수출','0','0','173','3871','2018-06-30'
'201805','1212294090','E','파래(기타)','1212','29','4090','수출','120','2570','420','9419','2018-06-30'
'201805','1212295090','E','다시마(기타)','1212','29','5090','수출','0','0','7464','76529','2018-06-30'
'201805','1212299091','E','해초류와 기타조류 기타(냉동','1212','29','9091','수출','13','6162','51','6558','2018-06-30'
'201805','1212299099','E','해초류와 기타조류 기타(기타)','1212','29','9099','수출','2200','4970','31027','79245','2018-06-30'
'201805','1302311000','E','실한천','1302','31','1000','수출','6527','345025','35110','1820344','2018-06-30'
'201805','1302312000','E','분한천','1302','31','2000','수출','27654','896839','169916','4458810','2018-06-30'
'201805','1504109000','E','어류의간유분획물(상어의간유','1504','10','9000','수출','91200','130360','374700','654442','2018-06-30'
'201805','1504200000','E','어류의 지방과 기름 및 그 분획물[간유(肝油)는 제외한다]','1504','20','0000','수출','310','20722','67209','130423','2018-06-30'
'201805','1521901000','E','경납(동물성 납)','1521','90','1000','수출','0','0','25','327','2018-06-30'
'201805','1603003000','E','어류의액스','1603','00','3000','수출','21000','20206','109102','141815','2018-06-30'
'201805','1603004000','E','어류의즙','1603','00','4000','수출','98995','133353','390727','580243','2018-06-30'
'201805','1603009000','E','갑각류연체동물수생동물의','1603','00','9000','수출','45344','248602','233482','1340698','2018-06-30'
'201805','1604111000','E','연어(조제/밀폐용기에 넣은 것)','1604','11','1000','수출','34','362','1988','17805','2018-06-30'
'201805','1604119000','E','연어(조제/밀페용기에 넣은 것 이외 기타)','1604','11','9000','수출','0','0','1679','3753','2018-06-30'
'201805','1604129000','E','청어(통조림외조제품)','1604','12','9000','수출','900','11160','2250','27900','2018-06-30'
'201805','1604139000','E','정어리(통조림외조제품)','1604','13','9000','수출','2982','22858','2995','23586','2018-06-30'
'201805','1604141011','E','다랭이(기름담금)','1604','14','1011','수출','32729','247865','467961','2833180','2018-06-30'
'201805','1604141012','E','다랭이(보일드)','1604','14','1012','수출','2180','12187','17053','133441','2018-06-30'
'201805','1604141019','E','다랭이류(다랭이 가다랭이 이외 기타/조제/밀폐용기에 넣은 것)','1604','14','1019','수출','34373','233673','112552','852346','2018-06-30'
'201805','1604141021','E','다랭이류(조제/밀폐용기에 넣은 것 이외 기타)','1604','14','1021','수출','92177','496680','237334','1271406','2018-06-30'
'201805','1604141029','E','가다랭이(기타)','1604','14','1029','수출','29572','179310','135964','803868','2018-06-30'
'201805','1604141039','E','버니토우(기타)','1604','14','1039','수출','0','0','3294','28707','2018-06-30'
'201805','1604149000','E','다랭이류(조제/밀폐용기에 넣은 것 이외 기타)','1604','14','9000','수출','455','3502','30340','216384','2018-06-30'
'201805','1604151000','E','고등어(조제/밀폐용기에 넣은 것)','1604','15','1000','수출','49750','59272','104180','243721','2018-06-30'
'201805','1604159000','E','고등어(조제/밀폐용기에 넣은 것 이외 기타)','1604','15','9000','수출','745','9382','2330','18419','2018-06-30'
'201805','1604161000','E','멸치(조제/밀폐용기에 넣은 것)','1604','16','1000','수출','884','16390','6103','104406','2018-06-30'
'201805','1604169000','E','전갱이(조제/밀폐용기에 넣은 것 이외 기타)','1604','16','9000','수출','4450','13211','16801','225156','2018-06-30'
'201805','1604171000','E','뱀장어(조제 또는 저장처리)(밀폐용기에 넣은 것)','1604','17','1000','수출','0','0','580','14860','2018-06-30'
'201805','1604179000','E','뱀장어(조제 또는 저장처리)','1604','17','9000','수출','0','0','40','956','2018-06-30'
'201805','1604191010','E','꽁치(통조림외조제품)','1604','19','1010','수출','40464','143559','209992','650395','2018-06-30'
'201805','1604191090','E','어류조제품(연어청어정어리고등어 등 밀폐용기에넣은것)','1604','19','1090','수출','5201','51606','31825','253060','2018-06-30'
'201805','1604199010','E','쥐치포(조제/밀페용기 이외 기타)','1604','19','9010','수출','3626','66518','14793','304798','2018-06-30'
'201805','1604199090','E','어류조제품(연어청어고등어기타/조제/밀폐용기에 넣은 것)','1604','19','9090','수출','22312','484639','95457','1428655','2018-06-30'
'201805','1604201000','E','생선페이스트','1604','20','1000','수출','14400','45244','37560','118106','2018-06-30'
'201805','1604203000','E','생선소시지','1604','20','3000','수출','343162','2398368','1460110','9802472','2018-06-30'
'201805','1604204010','E','생선묵(게맛)','1604','20','4010','수출','399504','1646760','1892462','7819204','2018-06-30'
'201805','1604204090','E','생선묵(게맛의 것 이외 기타)','1604','20','4090','수출','409247','1564504','2202136','8276596','2018-06-30'
'201805','1604209000','E','어류조제저장제품(생선 페이스트마리네이드소시지생선묵)','1604','20','9000','수출','125642','1114911','551508','4991701','2018-06-30'
'201805','1604310000','E','캐비아','1604','31','0000','수출','20','13823','260','16147','2018-06-30'
'201805','1604320000','E','캐비아 대용물','1604','32','0000','수출','25856','355398','152428','1978364','2018-06-30'
'201805','1605101010','E','게살(밀폐용기에넣은것)','1605','10','1010','수출','162','5274','3526','98182','2018-06-30'
'201805','1605101091','E','붉은 대게살(밀폐용기에 넣은 것 훈제한 것 이외 기타)','1605','10','1091','수출','276891','4111327','1291480','19144798','2018-06-30'
'201805','1605101099','E','기타 게살(밀폐용기에 넣은 것 훈제한 것 이외 기타)','1605','10','1099','수출','22446','284371','98284','1449043','2018-06-30'
'201805','1605109000','E','게 조제품(게살 이외 기타)','1605','10','9000','수출','10390','139862','49364','656707','2018-06-30'
'201805','1605211000','E','새우류(조제 또는 저장처리)(밀폐용기에 넣지 아니한 것)(브레드한 것)','1605','21','1000','수출','3053','19952','9377','63866','2018-06-30'
'201805','1605219000','E','새우류(조제 또는 저장처리)(밀폐용기에 넣지 아니한 것)(기타)','1605','21','9000','수출','7484','61852','32343','254773','2018-06-30'
'201805','1605290000','E','새우류(조제 또는 저장처리)','1605','29','0000','수출','8225','44899','20295','116901','2018-06-30'
'201805','1605409000','E','갑각류 조제품(게새우바다가재기타/밀폐용기에넣은것이외기타)','1605','40','9000','수출','0','0','173','4373','2018-06-30'
'201805','1605511000','E','굴(조제 또는 저장처리)(밀폐용기에 넣은 것)','1605','51','1000','수출','358141','2327519','1027936','6457402','2018-06-30'
'201805','1605519000','E','굴(조제 또는 저장처리)(기타)','1605','51','9000','수출','202968','2582103','347703','4071346','2018-06-30'
'201805','1605531000','E','홍합(조제 또는 저장처리)(밀폐용기에 넣은 것)','1605','53','1000','수출','0','0','32759','242981','2018-06-30'
'201805','1605539000','E','홍합(조제 또는 저장처리)(기타)','1605','53','9000','수출','14650','41694','65739','197118','2018-06-30'
'201805','1605541090','E','갑오징어와 오징어(조제 또는 저장처리)(기타)','1605','54','1090','수출','0','0','282','1759','2018-06-30'
'201805','1605542010','E','오징어(조제 또는 저장처리)(밀폐용기에 넣은 것)','1605','54','2010','수출','1421','26429','19979','320310','2018-06-30'
'201805','1605542091','E','조미오징어(조제 또는 저장처리)(밀폐용기에 넣은 것)','1605','54','2091','수출','19955','382725','149319','2300222','2018-06-30'
'201805','1605542099','E','오징어 기타(조제 또는 저장처리)','1605','54','2099','수출','21062','147603','79533','590934','2018-06-30'
'201805','1605551000','E','문어(조제 또는 저장처리)(밀폐용기에 넣은 것)','1605','55','1000','수출','0','0','960','11725','2018-06-30'
'201805','1605559000','E','문어(조제 또는 저장처리)(기타)','1605','55','9000','수출','2390','34409','17399','226783','2018-06-30'
'201805','1605561010','E','바지락(조제 또는 저장처리)(밀폐용기에 넣은 것)','1605','56','1010','수출','11201','260906','20711','379602','2018-06-30'
'201805','1605561090','E','바지락(조제 또는 저장처리)(기타)','1605','56','1090','수출','0','0','17734','129271','2018-06-30'
'201805','1605562010','E','새조개(조제 또는 저장처리)(밀폐용기에 넣은 것)','1605','56','2010','수출','520','6000','1396','14748','2018-06-30'
'201805','1605562090','E','새조개(조제 또는 저장처리)(기타)','1605','56','2090','수출','8434','341969','29384','1162877','2018-06-30'
'201805','1605569010','E','클램 새조개 및 피조개 기타(조제 또는 저장처리)(밀폐용기에 넣은 것)','1605','56','9010','수출','101','889','1727','19070','2018-06-30'
'201805','1605569090','E','클램 새조개 및 피조개 기타(조제 또는 저장처리)(기타)','1605','56','9090','수출','60','660','851','5872','2018-06-30'
'201805','1605571000','E','전복(밀폐용기에넣은것)','1605','57','1000','수출','11928','404737','28026','986401','2018-06-30'
'201805','1605579000','E','전복(조제 또는 저장처리) 기타','1605','57','9000','수출','4674','133384','11170','338663','2018-06-30'
'201805','1605591010','E','골뱅이(조제 또는 저장처리)(밀폐용기에 넣은 것)','1605','59','1010','수출','37907','413815','169895','1838643','2018-06-30'
'201805','1605591090','E','골뱅이(조제 또는 저장처리)(기타)','1605','59','1090','수출','480','6618','480','6618','2018-06-30'
'201805','1605592010','E','소라(밀폐용기에 넣은것)','1605','59','2010','수출','0','0','10','109','2018-06-30'
'201805','1605592090','E','소라(조제 또는 저장처리)기타','1605','59','2090','수출','0','0','22085','188692','2018-06-30'
'201805','1605599010','E','연체동물 기타(조제 또는 저장처리)(밀폐용기에 넣은 것)','1605','59','9010','수출','1658','16965','11267','116908','2018-06-30'
'201805','1605599090','E','연체동물 기타(조제 또는 저장처리)(기타)','1605','59','9090','수출','34839','427775','91428','1438773','2018-06-30'
'201805','1605611000','E','해삼(조제 또는 저장처리)(밀폐용기에 넣은 것)','1605','61','1000','수출','0','0','4447','73923','2018-06-30'
'201805','1605619000','E','해삼(조제 또는 저장처리)기타','1605','61','9000','수출','750','118481','21486','2104101','2018-06-30'
'201805','1605621000','E','성게(조제 또는 저장처리)(밀폐용기에 넣은 것)','1605','62','1000','수출','0','0','108','10201','2018-06-30'
'201805','1605639000','E','해파리(조제 또는 저장처리)(기타)','1605','63','9000','수출','1000','4472','2769','13942','2018-06-30'
'201805','1605691000','E','기타 수생무척추동물의 기타(밀폐용기에넣은걱)','1605','69','1000','수출','34','480','180','2243','2018-06-30'
'201805','1605699000','E','기타 수생무척추동물의 기타(조제 또는 저장처리)(기타)','1605','69','9000','수출','4080','23055','12446','75687','2018-06-30'
'201805','2104102000','E','어류의 수우프 브로드와 수우프 브로드 제조용 조제품','2104','10','2000','수출','15403','54142','100343','705077','2018-06-30'
'201805','2106904010','E','김(조제한식용해초류)','2106','90','4010','수출','1233219','29781321','5606829','139114766','2018-06-30'
'201805','2106904090','E','조제한식용해조류(김 이외 기타)','2106','90','4090','수출','42258','286839','201807','1365540','2018-06-30'
'201805','2301201000','E','어류의 분.조분 및 펠리트','2301','20','1000','수출','175927','235290','1530785','1626609','2018-06-30'
'201805','2301209000','E','어류외기타 분.조분 및 펠리트','2301','20','9000','수출','3330000','2734086','13682025','11194205','2018-06-30'
'201805','2501001010','E','암염(岩鹽)','2501','00','1010','수출','1597','3488','16762','23177','2018-06-30'
'201805','2501001020','E','천일염','2501','00','1020','수출','209501','109948','796024','397770','2018-06-30'
'201805','2501009010','E','식염','2501','00','9010','수출','1284599','360466','4259086','1611021','2018-06-30'
'201805','2501009020','E','순염화나트륨','2501','00','9020','수출','45727','38491','187888','152291','2018-06-30'
'201805','2501009090','E','기타소금해수','2501','00','9090','수출','4937251','263769','20064935','1741271','2018-06-30'
'201805','4202211040','E','장어류의 가죽으로 만든 것','4202','21','1040','수출','0','0','49','7510','2018-06-30'
'201805','4202311040','E','장어류의 가죽으로 만든 것','4202','31','1040','수출','40','7650','102','20210','2018-06-30'
'201805','7101102000','E','가공한 것','7101','10','2000','수출','0','0','0','11','2018-06-30'
'201805','7101220000','E','양식진주(가공한것)','7101','22','0000','수출','2','1308','44','12142','2018-06-30'
'201805','7116101000','E','천연진주로만든 것','7116','10','1000','수출','0','0','2','889','2018-06-30'
'201805','7116102000','E','양식진주로 만든 것','7116','10','2000','수출','9','14565','39','41222','2018-06-30'
'201805','9601901010','E','진주양식용핵','9601','90','1010','수출','150','12465','150','12465','2018-06-30'
'201805','9601901090','E','패각(기타)','9601','90','1090','수출','17568','100703','58887','462308','2018-06-30'
'201805','9606291000','E','조개껍질로 만든것','9606','29','1000','수출','832','113330','4548','545105','2018-06-30'
'201805','0106202000','I','자라(산동물)','0106','20','2000','수입','7474','99764','27926','346620','2018-06-30'
'201805','0106903010','I','갯지렁이','0106','90','3010','수입','56469','881777','162340','2486062','2018-06-30'
'201805','0106903020','I','실지렁이','0106','90','3020','수입','0','0','3','267','2018-06-30'
'201805','0106903090','I','기타','0106','90','3090','수입','9','7106','84','40679','2018-06-30'
'201805','0301111000','I','비단잉어(활어)(민물의 것)','0301','11','1000','수입','0','0','43','5158','2018-06-30'
'201805','0301119000','I','기타(활어)(비단잉어 외  민물의 것)','0301','11','9000','수입','4137','399553','18384','1855921','2018-06-30'
'201805','0301190000','I','기타(활어)(민물의 것)','0301','19','0000','수입','2038','131086','14010','628569','2018-06-30'
'201805','0301921000','I','실뱀장어(한마리당 0.3그램 이하인 것으로서 양식용으로 한정)','0301','92','1000','수입','466','9810772','7281','115691804','2018-06-30'
'201805','0301922000','I','새끼뱀장어(한 마리당0.3그램을 초과하고50그램이하인것으로양식용으로한정)','0301','92','2000','수입','1854','2444260','9339','4794530','2018-06-30'
'201805','0301929090','I','뱀장어(앵궐라종)','0301','92','9090','수입','149719','2641315','682785','11708106','2018-06-30'
'201805','0301930000','I','잉어(활어)','0301','93','0000','수입','198766','567384','935813','2686876','2018-06-30'
'201805','0301992000','I','방어(활어)','0301','99','2000','수입','3003','42953','658758','6342929','2018-06-30'
'201805','0301994090','I','돔(기타)','0301','99','4090','수입','602680','6207497','1846714','19164048','2018-06-30'
'201805','0301995000','I','붕장어(활어)','0301','99','5000','수입','0','0','266','2252','2018-06-30'
'201805','0301997000','I','먹장어(활어)','0301','99','7000','수입','142302','1261664','604246','5303643','2018-06-30'
'201805','0301998000','I','넙치(활어)','0301','99','8000','수입','25822','316348','261736','3179581','2018-06-30'
'201805','0301999010','I','능성어(활어)','0301','99','9010','수입','7076','179637','34467','771838','2018-06-30'
'201805','0301999020','I','복어(활어)','0301','99','9020','수입','17521','309103','119517','2074827','2018-06-30'
'201805','0301999030','I','틸라피아(활어)','0301','99','9030','수입','0','0','6','5133','2018-06-30'
'201805','0301999051','I','농어(양식용치어)','0301','99','9051','수입','11158','312461','24538','549221','2018-06-30'
'201805','0301999059','I','농어(기타)','0301','99','9059','수입','500976','4024961','1845407','15165794','2018-06-30'
'201805','0301999060','I','숭어(활어)','0301','99','9060','수입','0','0','6317','31527','2018-06-30'
'201805','0301999070','I','미꾸라지(활어)','0301','99','9070','수입','675710','3619728','3262194','15875488','2018-06-30'
'201805','0301999080','I','메기(활어)','0301','99','9080','수입','17346','40679','25046','61571','2018-06-30'
'201805','0301999092','I','붕어(활어)','0301','99','9092','수입','108599','382077','258329','887252','2018-06-30'
'201805','0301999095','I','민어(활어)','0301','99','9095','수입','442684','2587617','1647787','9404447','2018-06-30'
'201805','0301999099','I','기타어류(활어)','0301','99','9099','수입','150467','1411553','643046','6341920','2018-06-30'
'201805','0302130000','I','태평양연어(옹코링쿠스-넬카고르부스카케타차비차키수츠마소로드루스)','0302','13','0000','수입','2085','35078','5913','102308','2018-06-30'
'201805','0302140000','I','대서양 연어(신선 또는 냉장)(살모 살라) 및 다뉴브 연어(후코 후코)','0302','14','0000','수입','1833935','22721785','8380828','93380351','2018-06-30'
'201805','0302290000','I','기타 넙치류(간장 어란제외/신선 냉장/피레트 어육제외)','0302','29','0000','수입','30','120','1026','4034','2018-06-30'
'201805','0302310000','I','날개다랑어 또는 긴지느러미다랑어(터너스알라룽가/신선냉장)','0302','31','0000','수입','0','0','205','1476','2018-06-30'
'201805','0302320000','I','황다랑어(터너스 알바카레스/신선냉장)','0302','32','0000','수입','657','9636','2604','25844','2018-06-30'
'201805','0302340000','I','눈다랑어(터너스오베서스/신선냉장)','0302','34','0000','수입','47','1074','277','5705','2018-06-30'
'201805','0302351000','I','남방참다랑어(터너스 맥코이/신선냉장)','0302','35','1000','수입','5021','141240','18092','542487','2018-06-30'
'201805','0302352000','I','태평양 참다랑어(신선 또는 냉장)(터너스 오리엔탈리스)','0302','35','2000','수입','7924','138961','39695','687866','2018-06-30'
'201805','0302360000','I','남방참다랑어(터너스 맥코이/신선냉장)','0302','36','0000','수입','1681','31315','3423','65237','2018-06-30'
'201805','0302440000','I','고등어(신선 또는 냉장)(스콤버-스콤브루스오스트랄시쿠스자포니쿠스))','0302','44','0000','수입','77679','186008','107971','247271','2018-06-30'
'201805','0302492000','I','병어[팜푸스(Pampus)종]','0302','49','2000','수입','107','2099','10719','156267','2018-06-30'
'201805','0302510000','I','대구(신선 또는 냉장)(가두스 모르화가두스 오각가두스 마크로세팔루스)','0302','51','0000','수입','65428','211262','876975','1995731','2018-06-30'
'201805','0302520000','I','해덕(신선 또는 냉장)(멜라노그라무스 애그레피누스)','0302','52','0000','수입','0','0','21','86','2018-06-30'
'201805','0302550000','I','명태(신선 또는 냉장)(테라그라 찰코그라마)','0302','55','0000','수입','226712','528343','1902830','5071377','2018-06-30'
'201805','0302820000','I','가오리와 홍어(라지대과)(신선 또는 냉장)','0302','82','0000','수입','268146','1345127','1007314','5289738','2018-06-30'
'201805','0302840000','I','농어(냉동)(디센트라르쿠스종)','0302','84','0000','수입','868','18298','5146','113244','2018-06-30'
'201805','0302850000','I','돔(신선 또는 냉장)(스파리대과)','0302','85','0000','수입','3948','20542','48800','363134','2018-06-30'
'201805','0302891000','I','방어(신선 또는 냉장)','0302','89','1000','수입','50','1638','250','7800','2018-06-30'
'201805','0302892000','I','갈치(신선 또는 냉장)','0302','89','2000','수입','42235','601867','311956','3511527','2018-06-30'
'201805','0302896000','I','돔(신선 또는 냉장)(스파리대과를 제외한다)','0302','89','6000','수입','28','3741','131','18680','2018-06-30'
'201805','0302899040','I','아귀(신선 또는 냉장)','0302','89','9040','수입','5940','12785','129227','295519','2018-06-30'
'201805','0302899090','I','기타(신선 또는 냉장)(삼치복어병어아귀 외 기타)','0302','89','9090','수입','35746','127725','76899','368350','2018-06-30'
'201805','0302911000','I','간','0302','91','1000','수입','0','0','980','2474','2018-06-30'
'201805','0302912000','I','어란(魚卵)ㆍ어백(魚白)','0302','91','2000','수입','0','0','99','5782','2018-06-30'
'201805','0302990000','I','기타','0302','99','0000','수입','0','0','10','100','2018-06-30'
'201805','0303110000','I','소크아이 연어(홍연어옹코링쿠스 넬카)','0303','11','0000','수입','0','0','3856','40739','2018-06-30'
'201805','0303120000','I','그 밖의 태평양 연어(옹코링쿠스 고르부스카옹코링쿠스 케타옹코링쿠스 차비차옹코링쿠스 키수츠옹코링쿠스 마소옹코링쿠스 로두루스)','0303','12','0000','수입','289567','1672398','2120471','13315580','2018-06-30'
'201805','0303130000','I','대서양연어(냉동)(살모 살라)와 다뉴브연어(후코 후코)','0303','13','0000','수입','565029','3720472','4017268','26636808','2018-06-30'
'201805','0303140000','I','송어(살모 트루타옹코링쿠스-미키스클라키아구아보니타길래아파케크리소가스터)','0303','14','0000','수입','44153','335055','67395','518668','2018-06-30'
'201805','0303190000','I','연어(기타)','0303','19','0000','수입','0','0','20','208','2018-06-30'
'201805','0303230000','I','틸라피아(냉동)(오레오크로미스종)','0303','23','0000','수입','38980','91907','280202','682229','2018-06-30'
'201805','0303240000','I','메기(냉동)(판가시우스종실루러스종클라리아스종익타루러스종)','0303','24','0000','수입','71087','210818','287721','753239','2018-06-30'
'201805','0303250000','I','잉어(사이프리너스 카르피오카라시우스 카라시우스크테노파린고돈 이델루스하이포프탈미크티스종ㆍ시리누스종ㆍ마일로파린고돈 피세우스)','0303','25','0000','수입','24384','42761','70255','127837','2018-06-30'
'201805','0303260000','I','뱀장어(냉동)(앵귈라종)','0303','26','0000','수입','0','0','25479','268086','2018-06-30'
'201805','0303290000','I','연어(송어 대서양연어 등 이외 기타/냉동/피레트 어육제외)','0303','29','0000','수입','0','0','2500','6694','2018-06-30'
'201805','0303310000','I','넙치[레인하드티우스 히포글러소이데스히포글러서스 히포글러서스히포글러서스 스테노레피스)','0303','31','0000','수입','53068','368062','232125','1481884','2018-06-30'
'201805','0303320000','I','가자미(플루로넥테스 플라테사)','0303','32','0000','수입','22508','58264','593764','898961','2018-06-30'
'201805','0303330000','I','서대(간장 어란제외/냉동/피레트 어육제외)','0303','33','0000','수입','17643','62737','191127','872827','2018-06-30'
'201805','0303390000','I','넙치류(간장 어란제외/냉동/피레트 어육제외)','0303','39','0000','수입','2343245','7111973','12262568','33805373','2018-06-30'
'201805','0303410000','I','날개다랑어 또는 긴지느러미다랑어(터너스알라룽가/냉동)','0303','41','0000','수입','73576','252263','148447','525049','2018-06-30'
'201805','0303420000','I','황다랑어(터너스 알바카레스/냉동)','0303','42','0000','수입','368657','1448000','1894092','8238726','2018-06-30'
'201805','0303430000','I','가다랑어 또는 줄무늬버니토우(냉동)','0303','43','0000','수입','16263','30324','1116670','1751188','2018-06-30'
'201805','0303440000','I','눈다랑어(냉동)','0303','44','0000','수입','238897','1747874','1195068','9038545','2018-06-30'
'201805','0303451000','I','대서양 참다랑어(냉동)(터너스 티너스)','0303','45','1000','수입','66010','872563','315478','3681100','2018-06-30'
'201805','0303452000','I','태평양 참다랑어(냉동)(터너스 오리엔탈리스)','0303','45','2000','수입','27590','384797','80044','1197833','2018-06-30'
'201805','0303460000','I','남방참다랑어(터너스맥코이/냉동)','0303','46','0000','수입','36613','314111','150114','1356546','2018-06-30'
'201805','0303490000','I','기타(냉동)','0303','49','0000','수입','0','0','5','113','2018-06-30'
'201805','0303510000','I','청어(클루페아 하렌구스클루페아 팔라시)','0303','51','0000','수입','1790335','1229055','2295322','1522002','2018-06-30'
'201805','0303530000','I','정어리(냉동)(사르디나 필차르두스사르디노프스종)','0303','53','0000','수입','851348','705605','5156754','3540565','2018-06-30'
'201805','0303540000','I','고등어(스콤버 스콤브루스스콤버 오스트랄라시쿠스스콤버 자포니쿠스)','0303','54','0000','수입','2678404','4688374','27909337','47969004','2018-06-30'
'201805','0303550000','I','전갱이(냉동)(트라커러스종)','0303','55','0000','수입','1132130','2010921','2016631','3620699','2018-06-30'
'201805','0303570000','I','황새치(자이피어스글래디어스)','0303','57','0000','수입','1072971','6196837','3940517','22714467','2018-06-30'
'201805','0303591000','I','삼치[스콤버로모러스(Scomberomorus)종]','0303','59','1000','수입','0','0','2055','12538','2018-06-30'
'201805','0303592000','I','꽁치[콜로라비스 사이라(Cololabis saira)]','0303','59','2000','수입','1411690','1907417','13288569','18581408','2018-06-30'
'201805','0303599000','I','기타','0303','59','9000','수입','2648591','1260520','6906913','3139802','2018-06-30'
'201805','0303630000','I','대구(가두스 모르화가두스 오각가두스 마크로세팔루스)','0303','63','0000','수입','1414424','4603397','5904013','17251175','2018-06-30'
'201805','0303660000','I','민대구(냉동)(메루키우스종 등 2종)','0303','66','0000','수입','3760','3760','123029','227836','2018-06-30'
'201805','0303670000','I','명태(냉동)(테라그라 찰코그라마)','0303','67','0000','수입','11964160','12077403','82642622','83890541','2018-06-30'
'201805','0303680000','I','블루 화이팅스(마이크로메시스티우스 포우타소우마이크로메시스티우스 오스트랄리스)','0303','68','0000','수입','68008','33065','231921','194078','2018-06-30'
'201805','0303691000','I','새꼬리민태(냉동)','0303','69','1000','수입','0','0','27000','40500','2018-06-30'
'201805','0303810000','I','곱상어와 기타 상어(냉동)','0303','81','0000','수입','181617','439885','866143','2142383','2018-06-30'
'201805','0303821000','I','가오리(냉동)','0303','82','1000','수입','1076139','3781999','4327455','14319005','2018-06-30'
'201805','0303822000','I','홍어(냉동)','0303','82','2000','수입','495410','1890621','2225947','7882385','2018-06-30'
'201805','0303830000','I','이빨고기(냉동)(디소스티쿠스종)','0303','83','0000','수입','40117','329168','283794','2635285','2018-06-30'
'201805','0303840000','I','농어(신선 또는 냉장)(디센트라르쿠스종)','0303','84','0000','수입','0','0','4','57','2018-06-30'
'201805','0303891000','I','은대구(냉동)','0303','89','1000','수입','28921','170825','58929','521726','2018-06-30'
'201805','0303892000','I','갈치(냉동)','0303','89','2000','수입','1267378','5279652','6622787','29843491','2018-06-30'
'201805','0303893010','I','옥돔(냉동)(브랜치오스테거스 자포니커스)','0303','89','3010','수입','65360','336299','292350','1377768','2018-06-30'
'201805','0303893090','I','돔(냉동)(기타)','0303','89','3090','수입','367842','1708315','1068008','4619137','2018-06-30'
'201805','0303894000','I','붕장어(냉동)','0303','89','4000','수입','0','0','73','390','2018-06-30'
'201805','0303895000','I','조기(냉동)','0303','89','5000','수입','2110330','10363966','11317166','52761796','2018-06-30'
'201805','0303898000','I','복어(냉동)','0303','89','8000','수입','555170','1356146','3901460','9250317','2018-06-30'
'201805','0303899010','I','보리멸(냉동)','0303','89','9010','수입','0','0','16880','37929','2018-06-30'
'201805','0303899040','I','임연수어(냉동)','0303','89','9040','수입','2030014','6084046','5851814','17054153','2018-06-30'
'201805','0303899050','I','볼낙(냉동)(적어를 포함한다)','0303','89','9050','수입','874283','1797581','4820815','9726913','2018-06-30'
'201805','0303899060','I','아귀(냉동)','0303','89','9060','수입','2928312','5960967','18824788','37668087','2018-06-30'
'201805','0303899070','I','먹장어(냉동)(대서양 또는 태평양)','0303','89','9070','수입','188973','564624','763002','2306222','2018-06-30'
'201805','0303899080','I','밀크피쉬(냉동)','0303','89','9080','수입','105591','164635','413187','674031','2018-06-30'
'201805','0303899091','I','민어(냉동)','0303','89','9091','수입','1849345','7494138','10433900','41547776','2018-06-30'
'201805','0303899092','I','까나리(냉동)','0303','89','9092','수입','5604634','3132288','19874410','11235194','2018-06-30'
'201805','0303899099','I','기타어류(냉동)','0303','89','9099','수입','1043128','2039829','3465054','7581042','2018-06-30'
'201805','0303911000','I','간','0303','91','1000','수입','490','1760','67854','94651','2018-06-30'
'201805','0303912010','I','명란','0303','91','2010','수입','2413743','14161168','7301481','39485840','2018-06-30'
'201805','0303912090','I','기타','0303','91','2090','수입','2019959','4940270','8983813','23555690','2018-06-30'
'201805','0303920000','I','상어 지느러미','0303','92','0000','수입','0','0','109','4919','2018-06-30'
'201805','0303990000','I','기타','0303','99','0000','수입','573153','1767494','1663472','5408078','2018-06-30'
'201805','0304320000','I','메기(신선 또는 냉장한 피레트)(판가시우스종실루러스종클라리아스종익타루러스종)','0304','32','0000','수입','3010','4343','3022','4410','2018-06-30'
'201805','0304390000','I','기타(신선 또는 냉장한 피레트)','0304','39','0000','수입','28','133','30','149','2018-06-30'
'201805','0304410000','I','태평양 연어(옹코링쿠스- 넬카고르부스카케타차비차키수츠마소로두루스 대서양 연어(살모 살라다뉴브 연어)','0304','41','0000','수입','319991','5153692','1501924','23640321','2018-06-30'
'201805','0304420000','I','송어(살모 트루타옹코링쿠스-미키스 클라키아구아보니타길래아파케 크리소가스터)','0304','42','0000','수입','5488','77154','27124','378916','2018-06-30'
'201805','0304492000','I','참다랑어(신선 또는 냉장한 피레트)','0304','49','2000','수입','106','3314','351','12199','2018-06-30'
'201805','0304499000','I','기타(신선 또는 냉장한 피레트)','0304','49','9000','수입','200','4389','623','15191','2018-06-30'
'201805','0304592010','I','가자미 연육(기타신선 또는 냉장한 것)','0304','59','2010','수입','0','0','6','167','2018-06-30'
'201805','0304593090','I','참다랑어 기타(기타신선 또는 냉장한 것)','0304','59','3090','수입','20','748','20','748','2018-06-30'
'201805','0304599010','I','기타 연육(기타신선 또는 냉장한 것)','0304','59','9010','수입','0','0','20','134','2018-06-30'
'201805','0304610000','I','틸라피아(냉동한 피레트)(오레오크로미스종)','0304','61','0000','수입','44366','416956','235541','2072885','2018-06-30'
'201805','0304620000','I','메기(냉동한 피레트)(판가시우스종실루러스종클라리아스종익타루러스종)','0304','62','0000','수입','28216','161332','499939','2183664','2018-06-30'
'201805','0304690000','I','틸라피아메기잉어뱀장어나일퍼치 종의 기타(냉동한 피레트)','0304','69','0000','수입','24230','359832','73504','1267715','2018-06-30'
'201805','0304710000','I','대구(가두스 모르화가두스 오각가두스 마크로세팔루스)','0304','71','0000','수입','41659','278151','329390','2030635','2018-06-30'
'201805','0304730000','I','검정대구(냉동한 피레트)(폴라치우스 비렌스)','0304','73','0000','수입','0','0','14060','48520','2018-06-30'
'201805','0304740000','I','민대구(냉동한 피레트)(메루키우스종ㆍ유르피키스종)','0304','74','0000','수입','54','416','54','416','2018-06-30'
'201805','0304750000','I','명태(냉동한 피레트)(테라그라 찰코그라마)','0304','75','0000','수입','1013365','2801188','6785497','18280190','2018-06-30'
'201805','0304790000','I','브레그마세로티대과외6종무리에놀레피디대과어류의(냉동한피레트)','0304','79','0000','수입','105588','251545','204078','507669','2018-06-30'
'201805','0304810000','I','태평양 연어(옹코링쿠스 -넬카고르부스카케타차비차키수츠마소로두루스) 대서양 연어(살모 살라)다뉴브 연어(후코 후코))','0304','81','0000','수입','23383','419741','356098','4098199','2018-06-30'
'201805','0304820000','I','송어(살모 트루타옹코링쿠스-미키스클라키아구아보니타길래아파케크리소가스터)','0304','82','0000','수입','492','15296','8382','165492','2018-06-30'
'201805','0304831000','I','가자미(냉동한 피레트)','0304','83','1000','수입','135602','540703','618335','3123816','2018-06-30'
'201805','0304839000','I','넙치류 기타(냉동한 피레트)','0304','83','9000','수입','0','0','44020','148865','2018-06-30'
'201805','0304840000','I','황새치(냉동한 피레트)(자이피어스 글래디어스)','0304','84','0000','수입','17036','251435','135723','1631980','2018-06-30'
'201805','0304850000','I','이빨고기(냉동한 피레트)(디소스티쿠스종)','0304','85','0000','수입','0','0','7705','48881','2018-06-30'
'201805','0304860000','I','청어(냉동한 피레트)(클루페아 하렌구스 /클루페아팔라시)','0304','86','0000','수입','42863','51435','42863','51435','2018-06-30'
'201805','0304871000','I','참다랑어(냉동한 피레트)','0304','87','1000','수입','89758','2906829','1867306','53770253','2018-06-30'
'201805','0304879000','I','다랑어 기타(냉동한 피레트)','0304','87','9000','수입','231933','3415265','668302','9325650','2018-06-30'
'201805','0304881000','I','곱상어 그 밖의 상어','0304','88','1000','수입','6229','25778','6229','25778','2018-06-30'
'201805','0304891000','I','붕장어의 것(냉동한 피레트)','0304','89','1000','수입','174082','1249352','949767','6185504','2018-06-30'
'201805','0304894000','I','쥐치의 것(냉동한 피레트)','0304','89','4000','수입','66030','566795','266450','1577143','2018-06-30'
'201805','0304899000','I','기타어류의 기타(냉동한 피레트)','0304','89','9000','수입','468667','1969284','2121397','9456561','2018-06-30'
'201805','0304919000','I','황새치(기타/냉동)','0304','91','9000','수입','0','0','11603','244237','2018-06-30'
'201805','0304929000','I','이빨고기(기타/냉동)','0304','92','9000','수입','13500','75564','64432','381790','2018-06-30'
'201805','0304939000','I','틸라피아메기잉어뱀장어나일퍼치 종의 냉동연육외 기타','0304','93','9000','수입','2000','17076','5420','46313','2018-06-30'
'201805','0304941000','I','명태 냉동연육','0304','94','1000','수입','3442500','11125245','11224940','34433187','2018-06-30'
'201805','0304949000','I','명태 냉동연육 외 기타','0304','94','9000','수입','56970','78619','190200','261004','2018-06-30'
'201805','0304951000','I','브레그마세로티대과외6종무리에놀레피디대과어류(냉동연옥)','0304','95','1000','수입','38520','39290','604140','695855','2018-06-30'
'201805','0304959000','I','브레그마세로티대과외6종무리에놀레피디대과어류(냉동연옥) 기타','0304','95','9000','수입','0','0','7200','11160','2018-06-30'
'201805','0304991000','I','기타 냉동연육','0304','99','1000','수입','9423670','16205652','46416450','76544652','2018-06-30'
'201805','0304999000','I','기타 냉동연육 외 기타','0304','99','9000','수입','176168','225321','512263','836620','2018-06-30'
'201805','0305100000','I','어류의 고운 가루ㆍ거친 가루와 펠릿(pellet)(식용에 적합한 것으로 한정한다)','0305','10','0000','수입','304','5642','614','11147','2018-06-30'
'201805','0305202000','I','어란(건조)','0305','20','2000','수입','7','697','70','8320','2018-06-30'
'201805','0305204010','I','어란(명태/염장염수장)','0305','20','4010','수입','220','6371','502','16477','2018-06-30'
'201805','0305204030','I','어란(청어/염장염수장)','0305','20','4030','수입','1','31','71','5959','2018-06-30'
'201805','0305204090','I','어란(명태 조기 청어이외 기타/염장 염수장)','0305','20','4090','수입','12','343','17','653','2018-06-30'
'201805','0305311000','I','틸라피아메기잉어뱀장어나일퍼치 종의 건조한 것','0305','31','1000','수입','13200','100103','56554','437599','2018-06-30'
'201805','0305321000','I','브레그마세로티대과외6종무리에놀레피디대과어류 건조한것','0305','32','1000','수입','32500','331430','76791','761253','2018-06-30'
'201805','0305391000','I','기타어류의 피레트(건조한것)','0305','39','1000','수입','1165','7640','7165','65440','2018-06-30'
'201805','0305410000','I','태평양 연어(옹코링쿠스- 넬카고르부스카케타차비차키수츠마소로두루스) 대서양 연어(살모 살라) 다뉴브 연어(후코 후코))','0305','41','0000','수입','8302','261934','26065','803207','2018-06-30'
'201805','0305491000','I','멸치(훈제/피레트포함)','0305','49','1000','수입','1','27','2','74','2018-06-30'
'201805','0305492000','I','명태(훈제/피레트포함)','0305','49','2000','수입','0','0','3','32','2018-06-30'
'201805','0305499000','I','어류(연어 청어 멸치 명태이외 기타/훈제/피레트 포함)','0305','49','9000','수입','84147','799765','312311','3069056','2018-06-30'
'201805','0305510000','I','대구(건조/염장불문/훈제제외)','0305','51','0000','수입','17242','125815','109554','840333','2018-06-30'
'201805','0305541000','I','멸치[엔그라울리스(Engraulis)종]','0305','54','1000','수입','4815','21856','53373','251810','2018-06-30'
'201805','0305549000','I','기타','0305','54','9000','수입','0','0','36','512','2018-06-30'
'201805','0305593000','I','명태(건조/염장불문/훈제제외)','0305','59','3000','수입','715126','6768064','2660255','25840340','2018-06-30'
'201805','0305599000','I','어류(대구상어지느러미멸치명태조기등외기타건조/훈제제외)','0305','59','9000','수입','166632','591168','1202036','4842473','2018-06-30'
'201805','0305631000','I','멸치젓(염장염수장)','0305','63','1000','수입','1','21','362','5000','2018-06-30'
'201805','0305639000','I','멸치(멸치젓 이외 기타/염장 염수장)','0305','63','9000','수입','0','0','58','1694','2018-06-30'
'201805','0305640000','I','틸라피아메기잉어뱀장어나일퍼치 종의 건조한 것','0305','64','0000','수입','3000','6902','3000','6902','2018-06-30'
'201805','0305691000','I','연어(염장 염수장)','0305','69','1000','수입','121','2866','471','11527','2018-06-30'
'201805','0305692000','I','송어(염장염수장)','0305','69','2000','수입','50','5682','102','6973','2018-06-30'
'201805','0305694000','I','정어리(염장염수장)','0305','69','4000','수입','0','0','2','52','2018-06-30'
'201805','0305695000','I','고등어(염장염수장)','0305','69','5000','수입','0','0','5','60','2018-06-30'
'201805','0305699000','I','어류(청어대구연어송어갈치정어리고등어 등 이외)','0305','69','9000','수입','29166','29412','198196','213195','2018-06-30'
'201805','0305711000','I','상어 지느러미(훈제한 것)','0305','71','1000','수입','0','0','2850','5912','2018-06-30'
'201805','0305712000','I','상어 지느러미(건조한 것)','0305','71','2000','수입','18','7673','18','7673','2018-06-30'
'201805','0305729000','I','대구의 것 외 기타(어류의 머리 꼬리 위)','0305','72','9000','수입','72485','267223','181780','676748','2018-06-30'
'201805','0305790000','I','기타 어류의 머리 꼬리','0305','79','0000','수입','300','3122','906','10362','2018-06-30'
'201805','0306119000','I','닭새우류(팔리누루스종 파누리루스종 자수스종)(냉동한것)(기타)','0306','11','9000','수입','4262','79005','14322','244949','2018-06-30'
'201805','0306121010','I','바닷가재(호마루스종)(냉동한 것) 훈제한 것(밀폐용기에 넣은 것)','0306','12','1010','수입','0','0','22','222','2018-06-30'
'201805','0306129000','I','바닷가재(호마루스종)(냉동한 것) 훈제한 것(기타)','0306','12','9000','수입','89803','1684595','426852','9479800','2018-06-30'
'201805','0306141011','I','게살(냉동한 것) 훈제한 것(밀폐용기에 넣은 것)','0306','14','1011','수입','0','0','5','100','2018-06-30'
'201805','0306141090','I','게살(냉동한 것) 훈제한 것(기타)','0306','14','1090','수입','32','583','90','1631','2018-06-30'
'201805','0306142090','I','왕게(냉동한 것) 기타','0306','14','2090','수입','13997','428128','114481','3528436','2018-06-30'
'201805','0306143090','I','꽃게(냉동한 것) 기타','0306','14','3090','수입','986303','3531766','6731872','22884618','2018-06-30'
'201805','0306149090','I','갑각류 기타(냉동한 것)(훈제한것 외 기타)','0306','14','9090','수입','1114187','6150681','4122229','26576695','2018-06-30'
'201805','0306161090','I','냉수성 새우류(판달러스종크란곤 크란곤)의 새우살(냉동한 것)(훈제한 것 외 기타)','0306','16','1090','수입','0','0','3640','98262','2018-06-30'
'201805','0306169090','I','냉수성 새우류(판달러스종크란곤 크란곤)기타(냉동한 것)(훈제한 것)','0306','16','9090','수입','52997','443731','454778','2729546','2018-06-30'
'201805','0306171090','I','기타의 새우류의 새우살(냉동한 것)(훈제한 것 외 기타)','0306','17','1090','수입','2405839','21797006','11011881','100355731','2018-06-30'
'201805','0306179090','I','기타의 새우류의 기타(냉동한 것)(훈제한 것 외 기타)','0306','17','9090','수입','1649470','12637729','10628507','83466586','2018-06-30'
'201805','0306199000','I','기타[분ㆍ조분 및 펠리트를 포함(식용에 적합)](냉동한 것)(훈제한 것 외 기타)','0306','19','9000','수입','27672','192626','120895','965083','2018-06-30'
'201805','0306310000','I','닭새우류[팔리누루스(Palinurus)종ㆍ파누리루스(Panulirus)종ㆍ자수스(Jasus)종]','0306','31','0000','수입','100','6127','226','15133','2018-06-30'
'201805','0306320000','I','바닷가재[호마루스(Homarus)종]','0306','32','0000','수입','356470','7731962','1621471','40193982','2018-06-30'
'201805','0306331000','I','꽃게','0306','33','1000','수입','0','0','20','797','2018-06-30'
'201805','0306332000','I','대게','0306','33','2000','수입','688322','12079147','3398640','73855513','2018-06-30'
'201805','0306339000','I','게(기타)','0306','33','9000','수입','776833','16451503','4009070','80321769','2018-06-30'
'201805','0306360000','I','그 밖의 새우류','0306','36','0000','수입','30789','363440','161514','2273091','2018-06-30'
'201805','0306390000','I','기타[식용에 적합한 것으로서 고운 가루ㆍ거친 가루와 펠릿(pellet)을 포함한다]','0306','39','0000','수입','33','12706','1606','64926','2018-06-30'
'201805','0306932000','I','건조한 것','0306','93','2000','수입','715','11473','715','11473','2018-06-30'
'201805','0306933000','I','염장이나 염수장한 것','0306','93','3000','수입','0','0','950','3463','2018-06-30'
'201805','0306951020','I','건조한 것','0306','95','1020','수입','9000','63477','72870','531548','2018-06-30'
'201805','0306951030','I','염장이나 염수장한 것','0306','95','1030','수입','7','4','7','4','2018-06-30'
'201805','0306959020','I','건조한 것','0306','95','9020','수입','221651','1326351','891968','6108737','2018-06-30'
'201805','0306959030','I','염장이나 염수장한 것','0306','95','9030','수입','1164307','1109333','4421317','4413139','2018-06-30'
'201805','0306959040','I','훈제한 것','0306','95','9040','수입','0','0','3','28','2018-06-30'
'201805','0306992000','I','건조한 것','0306','99','2000','수입','0','0','543','1649','2018-06-30'
'201805','0306993000','I','염장이나 염수장한 것','0306','99','3000','수입','3150','7046','24949','87159','2018-06-30'
'201805','0307119000','I','굴치패 기타(산 것 신선 또는 냉장한 것)','0307','11','9000','수입','0','869','0','869','2018-06-30'
'201805','0307210000','I','가리비과의 조개(산것/신선 냉장)','0307','21','0000','수입','581152','2406992','2097999','8763018','2018-06-30'
'201805','0307220000','I','냉동한 것','0307','22','0000','수입','99298','632871','499200','3321597','2018-06-30'
'201805','0307292000','I','가리비과의조개(건조)','0307','29','2000','수입','100','14638','200','29937','2018-06-30'
'201805','0307310000','I','홍합(산것/신선냉장)','0307','31','0000','수입','13400','30601','65366','106058','2018-06-30'
'201805','0307392000','I','홍합(건조)','0307','39','2000','수입','511','18749','3323','127016','2018-06-30'
'201805','0307393000','I','홍합(훈제한 것)','0307','39','3000','수입','30','979','145','4747','2018-06-30'
'201805','0307399000','I','홍합(산 것 신선 냉장 냉동 건조 이외 기타)','0307','39','9000','수입','303','11830','1803','62848','2018-06-30'
'201805','0307421010','I','세피아 오피시날리스(Sepia officinalis)ㆍ로시아 마크로소마(Rossia macrosoma)ㆍ세피올라(Sepiola)종','0307','42','1010','수입','10488','98489','45438','438231','2018-06-30'
'201805','0307422010','I','옴마스트레페스(Ommastrephes)종ㆍ로리고(Loligo)종ㆍ노토토다루스(Nototodarus)종ㆍ세피오투디스(Sepioteuthis)종','0307','42','2010','수입','441','4958','59457','207193','2018-06-30'
'201805','0307422090','I','기타','0307','42','2090','수입','4','106','1005','9454','2018-06-30'
'201805','0307431010','I','세피아 오피시날리스(Sepia officinalis)ㆍ로시아 마크로소마(Rossia macrosoma)ㆍ세피올라(Sepiola)종','0307','43','1010','수입','46974','331443','62404','418390','2018-06-30'
'201805','0307431090','I','기타','0307','43','1090','수입','315023','2015781','2151946','14128181','2018-06-30'
'201805','0307432010','I','옴마스트레페스(Ommastrephes)종ㆍ로리고(Loligo)종ㆍ노토토다루스(Nototodarus)종ㆍ세피오투디스(Sepioteuthis)종','0307','43','2010','수입','7697293','19233472','32254661','77441798','2018-06-30'
'201805','0307432090','I','기타','0307','43','2090','수입','4794399','16911864','22243065','73412638','2018-06-30'
'201805','0307492090','I','기타','0307','49','2090','수입','0','0','48002','98428','2018-06-30'
'201805','0307493010','I','갑오징어[세피아 오피시날리스(Sepia officinalis)ㆍ로시아 마크로소마(Rossia macrosoma)ㆍ세피올라(Sepiola)종]와 오징어[옴마스트레페스(Ommastrephes)종ㆍ로','0307','49','3010','수입','108780','3229328','393570','11532862','2018-06-30'
'201805','0307493090','I','기타','0307','49','3090','수입','18','269','31910','514243','2018-06-30'
'201805','0307494090','I','기타','0307','49','4090','수입','0','0','0','8','2018-06-30'
'201805','0307511000','I','낙지(산것/신선 냉장)','0307','51','1000','수입','535198','10234782','1836016','36523994','2018-06-30'
'201805','0307512000','I','주꾸미(산것/신선 냉장)','0307','51','2000','수입','189200','1088750','1312581','7613973','2018-06-30'
'201805','0307519000','I','기타문어(산것/신선 냉장)','0307','51','9000','수입','3','19','162','1061','2018-06-30'
'201805','0307521000','I','문어','0307','52','1000','수입','196305','1864562','1610807','15326810','2018-06-30'
'201805','0307522000','I','낙지','0307','52','2000','수입','1538637','11893556','8542685','53978929','2018-06-30'
'201805','0307523000','I','쭈꾸미','0307','52','3000','수입','2151076','13239758','10353652','59064561','2018-06-30'
'201805','0307529000','I','기타','0307','52','9000','수입','0','21','9','210','2018-06-30'
'201805','0307592000','I','문어(건조)','0307','59','2000','수입','0','0','0','2','2018-06-30'
'201805','0307599000','I','문어(산것 신선 냉장 냉동 건조 이외 기타)','0307','59','9000','수입','50814','344242','103625','633930','2018-06-30'
'201805','0307609000','I','달팽이(기타)','0307','60','9000','수입','1','56','1','56','2018-06-30'
'201805','0307711090','I','백합 기타(산 것 신선 또는 냉장한 것)','0307','71','1090','수입','810987','912039','3970874','4451739','2018-06-30'
'201805','0307712010','I','피조개 종패용(산 것  신선 또는 냉장한 것)','0307','71','2010','수입','0','0','46000','31820','2018-06-30'
'201805','0307712090','I','피조개 기타(산 것  신선 또는 냉장한 것)','0307','71','2090','수입','0','0','155720','287038','2018-06-30'
'201805','0307713000','I','새조개(산 것신선 또는 냉장한 것)','0307','71','3000','수입','0','0','113','1750','2018-06-30'
'201805','0307714000','I','바지락(산 것 신선 또는 냉장한 것)','0307','71','4000','수입','2050700','2148310','11389930','11927851','2018-06-30'
'201805','0307719000','I','클램 새조개 및 피조개 기타(산 것  신선 또는 냉장한 것)','0307','71','9000','수입','511115','937193','2924280','5473031','2018-06-30'
'201805','0307721000','I','새조개','0307','72','1000','수입','0','0','600','3400','2018-06-30'
'201805','0307723000','I','바지락','0307','72','3000','수입','107235','205591','989717','1683123','2018-06-30'
'201805','0307724000','I','피조개','0307','72','4000','수입','14712','83390','54818','379102','2018-06-30'
'201805','0307725000','I','개조개','0307','72','5000','수입','109372','237587','555346','1072057','2018-06-30'
'201805','0307729000','I','기타','0307','72','9000','수입','67062','155250','515276','1182517','2018-06-30'
'201805','0307793020','I','바지락(염장 또는 염수장한 것)','0307','79','3020','수입','19800','39828','203367','723010','2018-06-30'
'201805','0307793090','I','클램 새조개 및 피조개 기타(염장 또는 염수장한 것)','0307','79','3090','수입','0','0','1','16','2018-06-30'
'201805','0307810000','I','전복(산 것 신선 또는 냉장한 것)','0307','81','0000','수입','3','42','333','25687','2018-06-30'
'201805','0307820000','I','살아있거나 신선하거나 냉장한 수정고둥류[스트롬버스(Strombus)종]','0307','82','0000','수입','0','0','2','31','2018-06-30'
'201805','0307830000','I','냉동한 전복[할리오티스(Haliotis)종]','0307','83','0000','수입','0','0','10','116','2018-06-30'
'201805','0307840000','I','냉동한 수정고둥류[스트롬버스(Strombus)종]','0307','84','0000','수입','20','400','20','400','2018-06-30'
'201805','0307911000','I','소라(산 것 신선 또는 냉장한 것)','0307','91','1000','수입','1','33','9','197','2018-06-30'
'201805','0307914000','I','재첩(산 것 신선 또는 냉장한 것)','0307','91','4000','수입','499410','199980','1669170','673841','2018-06-30'
'201805','0307919000','I','기타[분 조분 펠리트 포함(식용 적합)]의 기타(산신선냉장)','0307','91','9000','수입','13','288','370973','1077358','2018-06-30'
'201805','0307921000','I','개아지살','0307','92','1000','수입','72903','1081908','419155','5765806','2018-06-30'
'201805','0307929000','I','기타','0307','92','9000','수입','6231','88093','138788','621090','2018-06-30'
'201805','0307992900','I','기타[분 조분 펠리트를 포함(식용에 적합한)]의 기타(건조)','0307','99','2900','수입','5','262','2014','100650','2018-06-30'
'201805','0307994120','I','골뱅이 (훈제한 것)(밀폐용기에 넣지 아니한 것)','0307','99','4120','수입','0','0','22','253','2018-06-30'
'201805','0307994900','I','기타[분 조분 펠리트를 포함(식용에 적합한)]의 기타(훈제한 것)','0307','99','4900','수입','3','65','12','907','2018-06-30'
'201805','0308110000','I','해삼(산 것 신선 또는 냉장한 것)','0308','11','0000','수입','154','1470','17494','132141','2018-06-30'
'201805','0308120000','I','냉동한 것','0308','12','0000','수입','22000','61600','246355','632964','2018-06-30'
'201805','0308192000','I','해삼(건조한 것)','0308','19','2000','수입','0','0','4','319','2018-06-30'
'201805','0308210000','I','성게(산 것 신선 또는 냉장한 것)','0308','21','0000','수입','1649','198028','11077','1369628','2018-06-30'
'201805','0308220000','I','냉동한 것','0308','22','0000','수입','896','27985','4418','107873','2018-06-30'
'201805','0308294000','I','성게(훈제한 것)','0308','29','4000','수입','3','42','7','84','2018-06-30'
'201805','0308301000','I','해파리(산 것 신선 또는 냉장한 것)','0308','30','1000','수입','4','353','114','5204','2018-06-30'
'201805','0308304000','I','해파리(염장 또는 염수장한 것)','0308','30','4000','수입','249298','619279','1344930','3417228','2018-06-30'
'201805','0308901019','I','우렁쉥이(기타)(산 것 신선 또는 냉장한 것)','0308','90','1019','수입','7849','17161','1211754','2141916','2018-06-30'
'201805','0308901090','I','수생무척추동물의 기타(산 것)','0308','90','1090','수입','38411','588869','138796','2063196','2018-06-30'
'201805','0308902010','I','우렁쉥이(냉동한 것)','0308','90','2010','수입','0','0','285','533','2018-06-30'
'201805','0308902090','I','수생무척추동물의 기타(냉동 한것)','0308','90','2090','수입','10000','16221','40077','64457','2018-06-30'
'201805','0308903090','I','수생무척추동물의 기타(건조한 것)','0308','90','3090','수입','0','14','6','47','2018-06-30'
'201805','0308904000','I','수생무척추동물의 기타(염장 또는 염수장한 것)','0308','90','4000','수입','0','0','5','36','2018-06-30'
'201805','0508001000','I','산호(coral)','0508','00','1000','수입','61915','30372','131608','95258','2018-06-30'
'201805','0508002030','I','첩패각과 지첩패각','0508','00','2030','수입','349774','173879','1436042','718094','2018-06-30'
'201805','0508002040','I','야광패각(소라)','0508','00','2040','수입','83325','159427','172855','337615','2018-06-30'
'201805','0508002090','I','기타패각','0508','00','2090','수입','721449','106332','2713293','459988','2018-06-30'
'201805','0508009000','I','연체동물갑각류극피동물','0508','00','9000','수입','69340','25518','112951','64147','2018-06-30'
'201805','0511911010','I','부화용알(브라인슈림프알)','0511','91','1010','수입','4701','443789','24717','1961048','2018-06-30'
'201805','0511911090','I','부화용알(브라인슈림프 알 이','0511','91','1090','수입','45','18620','241','94671','2018-06-30'
'201805','0511912000','I','어류의웨이스트','0511','91','2000','수입','76201','74110','249479','377046','2018-06-30'
'201805','0511919000','I','어류갑각류연체동물수행동','0511','91','9000','수입','44202','71522','160168','349658','2018-06-30'
'201805','0511996000','I','동물성의해면','0511','99','6000','수입','239','131525','840','414871','2018-06-30'
'201805','1212211010','I','김(건조한 것)(식용의 것)','1212','21','1010','수입','449','8144','2909','35248','2018-06-30'
'201805','1212211090','I','김(기타)(식용의 것)','1212','21','1090','수입','67','10982','1700','61932','2018-06-30'
'201805','1212212010','I','미역(건조한 것)(식용의 것)','1212','21','2010','수입','31205','257167','126972','885225','2018-06-30'
'201805','1212212020','I','미역(염장한 것)(식용의 것)','1212','21','2020','수입','531328','483255','2714479','2474345','2018-06-30'
'201805','1212212090','I','미역(기타)(식용의 것)','1212','21','2090','수입','31785','61749','31809','61963','2018-06-30'
'201805','1212213010','I','톳(건조한 것)(식용의 것)','1212','21','3010','수입','20330','249365','42946','427269','2018-06-30'
'201805','1212213030','I','톳(냉동한 것)(식용의 것)','1212','21','3030','수입','0','0','2','17','2018-06-30'
'201805','1212214090','I','파래(기타)(식용의 것)','1212','21','4090','수입','1','34','501','5068','2018-06-30'
'201805','1212215090','I','다시마(기타)(식용의 것)','1212','21','5090','수입','1','16','56003','97784','2018-06-30'
'201805','1212216090','I','우뭇가사리(기타)(식용의 것)','1212','21','6090','수입','26006','101518','716912','3944098','2018-06-30'
'201805','1212217019','I','기타','1212','21','7019','수입','2','26','83985','314011','2018-06-30'
'201805','1212218029','I','진두발(기타)(식용의 것)','1212','21','8029','수입','24420','33002','71268','112657','2018-06-30'
'201805','1212218031','I','말(냉동)(식용의 것)','1212','21','8031','수입','360','3104','900','7800','2018-06-30'
'201805','1212218039','I','말(기타)(식용의 것)','1212','21','8039','수입','3360','5006','3361','5045','2018-06-30'
'201805','1212219019','I','코토니 및 스피노잠(기타)(식용의 것)','1212','21','9019','수입','1190231','1851451','2856281','4387497','2018-06-30'
'201805','1212219099','I','해초류와 기타조류 기타(기타)(식용의 것)','1212','21','9099','수입','305630','330869','892053','1232047','2018-06-30'
'201805','1212291090','I','김(기타)','1212','29','1090','수입','1','9','2','104','2018-06-30'
'201805','1212292090','I','미역(기타)','1212','29','2090','수입','118000','93008','186000','152574','2018-06-30'
'201805','1212294090','I','파래(기타)','1212','29','4090','수입','4720','6689','4720','6689','2018-06-30'
'201805','1212295090','I','다시마(기타)','1212','29','5090','수입','9216','6964','47916','62866','2018-06-30'
'201805','1212298029','I','진두발(기타)','1212','29','8029','수입','0','0','1','27','2018-06-30'
'201805','1212298039','I','말(기타)','1212','29','8039','수입','40000','16620','60000','25120','2018-06-30'
'201805','1212299019','I','코토니 및 스피노잠(기타)','1212','29','9019','수입','30000','203350','76000','548400','2018-06-30'
'201805','1212299099','I','해초류와 기타조류 기타(기타)','1212','29','9099','수입','5758','8482','16605','96204','2018-06-30'
'201805','1302311000','I','실한천','1302','31','1000','수입','3702','71887','11102','181395','2018-06-30'
'201805','1302312000','I','분한천','1302','31','2000','수입','4302','72749','70151','1101226','2018-06-30'
'201805','1302319000','I','한천(실한천분한천 이외 기타)','1302','31','9000','수입','812','48942','2001','114695','2018-06-30'
'201805','1504101000','I','상어의 간유(肝油)와 그 분획물','1504','10','1000','수입','9','41','13729','236231','2018-06-30'
'201805','1504109000','I','어류의간유분획물(상어의간유','1504','10','9000','수입','1013','29180','108640','165604','2018-06-30'
'201805','1504200000','I','어류의 지방과 기름 및 그 분획물[간유(肝油)는 제외한다]','1504','20','0000','수입','668237','1540496','1559403','3073062','2018-06-30'
'201805','1504309000','I','기타해서포유동물의 유지와 그','1504','30','9000','수입','1739','91443','5484','359037','2018-06-30'
'201805','1603003000','I','어류의액스','1603','00','3000','수입','354153','335669','1328819','1252084','2018-06-30'
'201805','1603004000','I','어류의즙','1603','00','4000','수입','298551','197294','1109642','783029','2018-06-30'
'201805','1603009000','I','갑각류연체동물수생동물의','1603','00','9000','수입','62793','141268','260598','809678','2018-06-30'
'201805','1604111000','I','연어(조제/밀폐용기에 넣은 것)','1604','11','1000','수입','26','580','513392','3653094','2018-06-30'
'201805','1604119000','I','연어(조제/밀페용기에 넣은 것 이외 기타)','1604','11','9000','수입','3327','39238','24136','422402','2018-06-30'
'201805','1604121000','I','청어(밀폐용기에넣은것)','1604','12','1000','수입','0','0','20585','26052','2018-06-30'
'201805','1604129000','I','청어(통조림외조제품)','1604','12','9000','수입','1','28','213','5508','2018-06-30'
'201805','1604131000','I','정어리(밀폐용기에넣은것)','1604','13','1000','수입','8067','14091','31732','60476','2018-06-30'
'201805','1604139000','I','정어리(통조림외조제품)','1604','13','9000','수입','32','637','885','3772','2018-06-30'
'201805','1604141011','I','다랭이(기름담금)','1604','14','1011','수입','0','5','84986','369033','2018-06-30'
'201805','1604141012','I','다랭이(보일드)','1604','14','1012','수입','6','128','32','704','2018-06-30'
'201805','1604141019','I','다랭이류(다랭이 가다랭이 이외 기타/조제/밀폐용기에 넣은 것)','1604','14','1019','수입','129','620','4188','56335','2018-06-30'
'201805','1604141021','I','다랭이류(조제/밀폐용기에 넣은 것 이외 기타)','1604','14','1021','수입','38','754','45147','287463','2018-06-30'
'201805','1604141029','I','가다랭이(기타)','1604','14','1029','수입','0','0','4','30','2018-06-30'
'201805','1604141031','I','버니토우(기름담근것(밀폐용기','1604','14','1031','수입','18948','49233','129422','367371','2018-06-30'
'201805','1604141039','I','버니토우(기타)','1604','14','1039','수입','177','1683','785','10877','2018-06-30'
'201805','1604149000','I','다랭이류(조제/밀폐용기에 넣은 것 이외 기타)','1604','14','9000','수입','3428','48853','11179','191506','2018-06-30'
'201805','1604151000','I','고등어(조제/밀폐용기에 넣은 것)','1604','15','1000','수입','30290','100655','183016','702432','2018-06-30'
'201805','1604159000','I','고등어(조제/밀폐용기에 넣은 것 이외 기타)','1604','15','9000','수입','3042','8287','9132','40356','2018-06-30'
'201805','1604161000','I','멸치(조제/밀폐용기에 넣은 것)','1604','16','1000','수입','752','12193','13617','196585','2018-06-30'
'201805','1604169000','I','전갱이(조제/밀폐용기에 넣은 것 이외 기타)','1604','16','9000','수입','2043','15871','7382','94939','2018-06-30'
'201805','1604171000','I','뱀장어(조제 또는 저장처리)(밀폐용기에 넣은 것)','1604','17','1000','수입','10','202','9011','163878','2018-06-30'
'201805','1604179000','I','뱀장어(조제 또는 저장처리)','1604','17','9000','수입','76222','1548746','296458','5684371','2018-06-30'
'201805','1604189000','I','기타','1604','18','9000','수입','390','64383','3670','640714','2018-06-30'
'201805','1604191010','I','꽁치(통조림외조제품)','1604','19','1010','수입','0','0','241','2102','2018-06-30'
'201805','1604191020','I','전갱이(밀폐용기에넣은것)','1604','19','1020','수입','1020','3818','31067','94778','2018-06-30'
'201805','1604191090','I','어류조제품(연어청어정어리고등어 등 밀폐용기에넣은것)','1604','19','1090','수입','4528','17704','25734','69743','2018-06-30'
'201805','1604199010','I','쥐치포(조제/밀페용기 이외 기타)','1604','19','9010','수입','519990','4732954','2534893','23320203','2018-06-30'
'201805','1604199090','I','어류조제품(연어청어고등어기타/조제/밀폐용기에 넣은 것)','1604','19','9090','수입','887725','4738176','3823256','19475006','2018-06-30'
'201805','1604201000','I','생선페이스트','1604','20','1000','수입','38','154','28799','59899','2018-06-30'
'201805','1604202000','I','생선마리네이드','1604','20','2000','수입','36','636','7037','45740','2018-06-30'
'201805','1604203000','I','생선소시지','1604','20','3000','수입','0','0','1','6','2018-06-30'
'201805','1604204010','I','생선묵(게맛)','1604','20','4010','수입','115987','323351','584582','1668070','2018-06-30'
'201805','1604204090','I','생선묵(게맛의 것 이외 기타)','1604','20','4090','수입','189690','743586','835754','3381940','2018-06-30'
'201805','1604209000','I','어류조제저장제품(생선 페이스트마리네이드소시지생선묵)','1604','20','9000','수입','253425','1153846','1179231','5923423','2018-06-30'
'201805','1604310000','I','캐비아','1604','31','0000','수입','63','49042','384','299745','2018-06-30'
'201805','1604320000','I','캐비아 대용물','1604','32','0000','수입','206143','1239211','972567','7637354','2018-06-30'
'201805','1605101010','I','게살(밀폐용기에넣은것)','1605','10','1010','수입','347','51211','2683','183109','2018-06-30'
'201805','1605101091','I','붉은 대게살(밀폐용기에 넣은 것 훈제한 것 이외 기타)','1605','10','1091','수입','12095','171354','24302','364207','2018-06-30'
'201805','1605101099','I','기타 게살(밀폐용기에 넣은 것 훈제한 것 이외 기타)','1605','10','1099','수입','47904','208793','88076','651339','2018-06-30'
'201805','1605109000','I','게 조제품(게살 이외 기타)','1605','10','9000','수입','2264','19320','17695','158622','2018-06-30'
'201805','1605211000','I','새우류(조제 또는 저장처리)(밀폐용기에 넣지 아니한 것)(브레드한 것)','1605','21','1000','수입','934907','6501272','4376064','30816612','2018-06-30'
'201805','1605219000','I','새우류(조제 또는 저장처리)(밀폐용기에 넣지 아니한 것)(기타)','1605','21','9000','수입','767438','8794208','3469444','39445077','2018-06-30'
'201805','1605290000','I','새우류(조제 또는 저장처리)','1605','29','0000','수입','19798','178903','139563','1429123','2018-06-30'
'201805','1605301000','I','바다가재(밀폐용기에넣은것)','1605','30','1000','수입','341','13324','8654','61406','2018-06-30'
'201805','1605309000','I','바다가재(통조림외)','1605','30','9000','수입','3496','13992','21043','519448','2018-06-30'
'201805','1605401000','I','기타갑각류(밀폐용기에넣은것)','1605','40','1000','수입','1','21','1687','4228','2018-06-30'
'201805','1605409000','I','갑각류 조제품(게새우바다가재기타/밀폐용기에넣은것이외기타)','1605','40','9000','수입','0','27','2','105','2018-06-30'
'201805','1605511000','I','굴(조제 또는 저장처리)(밀폐용기에 넣은 것)','1605','51','1000','수입','68','1253','171','3325','2018-06-30'
'201805','1605519000','I','굴(조제 또는 저장처리)(기타)','1605','51','9000','수입','19501','55980','66283','279341','2018-06-30'
'201805','1605521000','I','가리비과의 조개(밀폐용기에넣은것)','1605','52','1000','수입','0','27','76','3489','2018-06-30'
'201805','1605529000','I','가리비과의 조개(조제 또는 저장처리)(기타)','1605','52','9000','수입','77580','345958','217149','1469633','2018-06-30'
'201805','1605531000','I','홍합(조제 또는 저장처리)(밀폐용기에 넣은 것)','1605','53','1000','수입','1','12','35','249','2018-06-30'
'201805','1605539000','I','홍합(조제 또는 저장처리)(기타)','1605','53','9000','수입','312434','1043330','2060659','8228672','2018-06-30'
'201805','1605541090','I','갑오징어와 오징어(조제 또는 저장처리)(기타)','1605','54','1090','수입','17593','82462','58610','222795','2018-06-30'
'201805','1605542010','I','오징어(조제 또는 저장처리)(밀폐용기에 넣은 것)','1605','54','2010','수입','10789','23991','12454','34974','2018-06-30'
'201805','1605542091','I','조미오징어(조제 또는 저장처리)(밀폐용기에 넣은 것)','1605','54','2091','수입','488898','2579150','2076252','9467508','2018-06-30'
'201805','1605542099','I','오징어 기타(조제 또는 저장처리)','1605','54','2099','수입','2319062','11879860','9991337','57524019','2018-06-30'
'201805','1605551000','I','문어(조제 또는 저장처리)(밀폐용기에 넣은 것)','1605','55','1000','수입','0','0','5000','12729','2018-06-30'
'201805','1605559000','I','문어(조제 또는 저장처리)(기타)','1605','55','9000','수입','688239','4990003','3029732','20084993','2018-06-30'
'201805','1605561010','I','바지락(조제 또는 저장처리)(밀폐용기에 넣은 것)','1605','56','1010','수입','13872','68729','23646','120493','2018-06-30'
'201805','1605561090','I','바지락(조제 또는 저장처리)(기타)','1605','56','1090','수입','378276','890154','2079658','4833359','2018-06-30'
'201805','1605562090','I','새조개(조제 또는 저장처리)(기타)','1605','56','2090','수입','0','0','4877','17004','2018-06-30'
'201805','1605569010','I','클램 새조개 및 피조개 기타(조제 또는 저장처리)(밀폐용기에 넣은 것)','1605','56','9010','수입','1','8','2','35','2018-06-30'
'201805','1605569090','I','클램 새조개 및 피조개 기타(조제 또는 저장처리)(기타)','1605','56','9090','수입','28133','152111','186596','824363','2018-06-30'
'201805','1605571000','I','전복(밀폐용기에넣은것)','1605','57','1000','수입','408','21239','408','21239','2018-06-30'
'201805','1605579000','I','전복(조제 또는 저장처리) 기타','1605','57','9000','수입','31643','575080','244829','3748951','2018-06-30'
'201805','1605581000','I','달팽이(조제 또는 저장처리)(밀폐용기에 넣은 것)','1605','58','1000','수입','26088','93680','35809','129356','2018-06-30'
'201805','1605589000','I','달팽이(조제 또는 저장처리)(기타)','1605','58','9000','수입','21837','285650','51109','413266','2018-06-30'
'201805','1605591090','I','골뱅이(조제 또는 저장처리)(기타)','1605','59','1090','수입','671602','7908463','1868437','22294603','2018-06-30'
'201805','1605592010','I','소라(밀폐용기에 넣은것)','1605','59','2010','수입','702','10217','702','10217','2018-06-30'
'201805','1605592090','I','소라(조제 또는 저장처리)기타','1605','59','2090','수입','48649','209147','277173','1733075','2018-06-30'
'201805','1605599090','I','연체동물 기타(조제 또는 저장처리)(기타)','1605','59','9090','수입','392625','1633787','2834035','12903965','2018-06-30'
'201805','1605611000','I','해삼(조제 또는 저장처리)(밀폐용기에 넣은 것)','1605','61','1000','수입','0','0','6','54','2018-06-30'
'201805','1605619000','I','해삼(조제 또는 저장처리)기타','1605','61','9000','수입','18344','1484026','80443','5647475','2018-06-30'
'201805','1605621000','I','성게(조제 또는 저장처리)(밀폐용기에 넣은 것)','1605','62','1000','수입','0','0','1','27','2018-06-30'
'201805','1605639000','I','해파리(조제 또는 저장처리)(기타)','1605','63','9000','수입','2772','35352','12988','162967','2018-06-30'
'201805','1605691000','I','기타 수생무척추동물의 기타(밀폐용기에넣은걱)','1605','69','1000','수입','4','87','6','116','2018-06-30'
'201805','1605699000','I','기타 수생무척추동물의 기타(조제 또는 저장처리)(기타)','1605','69','9000','수입','18204','167957','87597','588026','2018-06-30'
'201805','2104102000','I','어류의 수우프 브로드와 수우프 브로드 제조용 조제품','2104','10','2000','수입','3175','31501','9214','95466','2018-06-30'
'201805','2106904010','I','김(조제한식용해초류)','2106','90','4010','수입','2296','81679','4567','142431','2018-06-30'
'201805','2106904090','I','조제한식용해조류(김 이외 기타)','2106','90','4090','수입','15254','62739','41930','295571','2018-06-30'
'201805','2301201000','I','어류의 분.조분 및 펠리트','2301','20','1000','수입','5310777','10108053','18255704','33209794','2018-06-30'
'201805','2301209000','I','어류외기타 분.조분 및 펠리트','2301','20','9000','수입','153975','319325','401577','697382','2018-06-30'
'201805','2501001010','I','암염(岩鹽)','2501','00','1010','수입','43075','41191','594772','202315','2018-06-30'
'201805','2501001020','I','천일염','2501','00','1020','수입','331331510','8143544','1950640507','52272719','2018-06-30'
'201805','2501009010','I','식염','2501','00','9010','수입','26319451','2114164','110654969','9163560','2018-06-30'
'201805','2501009020','I','순염화나트륨','2501','00','9020','수입','929804','382508','4760459','2787427','2018-06-30'
'201805','2501009090','I','기타소금해수','2501','00','9090','수입','5296835','883277','23041326','3916743','2018-06-30'
'201805','4202211040','I','장어류의 가죽으로 만든 것','4202','21','1040','수입','0','0','7','1552','2018-06-30'
'201805','4202311040','I','장어류의 가죽으로 만든 것','4202','31','1040','수입','1002','7490','1308','12432','2018-06-30'
'201805','4203301040','I','장어류의 가죽으로 만든 것','4203','30','1040','수입','0','0','41','2506','2018-06-30'
'201805','7101101000','I','가공하지 않은 것','7101','10','1000','수입','1','708','1','1172','2018-06-30'
'201805','7101102000','I','가공한 것','7101','10','2000','수입','3','441','3','501','2018-06-30'
'201805','7101210000','I','양식진주(가공하지않은것)','7101','21','0000','수입','2','8454','5','82171','2018-06-30'
'201805','7101220000','I','양식진주(가공한것)','7101','22','0000','수입','73','100514','269','824279','2018-06-30'
'201805','7116101000','I','천연진주로만든 것','7116','10','1000','수입','0','0','11','2059','2018-06-30'
'201805','7116102000','I','양식진주로 만든 것','7116','10','2000','수입','60','29558','357','182574','2018-06-30'
'201805','9601901010','I','진주양식용핵','9601','90','1010','수입','131','2619','131','2619','2018-06-30'
'201805','9601901090','I','패각(기타)','9601','90','1090','수입','2878','63059','44712','333452','2018-06-30'
'201805','9606291000','I','조개껍질로 만든것','9606','29','1000','수입','825','21357','3642','93037','2018-06-30'
